Mat,Inns,NO,Runs,HS,Ave,100,50,0
3,6,0,213,78,35.5,0,1,0
3,6,0,136,68,22.66,0,1,0
3,6,1,98,30,19.6,0,0,0
3,6,0,74,26,12.33,0,0,0
3,6,0,66,13,11,0,0,0
2,4,0,64,29,16,0,0,0
3,6,0,63,24,10.5,0,0,0
2,4,0,54,35,13.5,0,0,0
2,4,0,43,20,10.75,0,0,0
3,6,0,43,27,7.16,0,0,0
3,6,0,42,21,7,0,0,0
2,4,0,41,18,10.25,0,0,0
3,6,0,39,17,6.5,0,0,0
3,6,0,39,29,6.5,0,0,0
3,6,0,39,14,6.5,0,0,0
2,4,0,34,27,8.5,0,0,0
2,4,0,29,16,7.25,0,0,0
3,6,0,29,11,4.83,0,0,0
1,2,0,20,20,10,0,0,0
2,4,1,20,18,6.66,0,0,0
2,4,0,17,10,4.25,0,0,0
3,5,1,15,7,3.75,0,0,0
3,6,0,15,8,2.5,0,0,0
1,2,0,12,8,6,0,0,0
3,6,0,8,5,1.33,0,0,0
1,2,0,7,5,3.5,0,0,0
1,2,0,3,3,1.5,0,0,1
1,2,0,2,2,1,0,0,0
3,6,0,213,78,35.5,0,1,0
3,6,0,136,68,22.66,0,1,0
3,6,1,98,30,19.6,0,0,0
3,6,0,74,26,12.33,0,0,0
3,6,0,66,13,11,0,0,0
2,4,0,64,29,16,0,0,0
3,6,0,63,24,10.5,0,0,0
2,4,0,54,35,13.5,0,0,0
2,4,0,43,20,10.75,0,0,0
3,6,0,43,27,7.16,0,0,0
3,6,0,42,21,7,0,0,0
2,4,0,41,18,10.25,0,0,0
3,6,0,39,17,6.5,0,0,0
3,6,0,39,29,6.5,0,0,0
3,6,0,39,14,6.5,0,0,0
2,4,0,34,27,8.5,0,0,0
2,4,0,29,16,7.25,0,0,0
3,6,0,29,11,4.83,0,0,0
1,2,0,20,20,10,0,0,0
2,4,1,20,18,6.66,0,0,0
2,4,0,17,10,4.25,0,0,0
3,5,1,15,7,3.75,0,0,0
3,6,0,15,8,2.5,0,0,0
1,2,0,12,8,6,0,0,0
3,6,0,8,5,1.33,0,0,0
1,2,0,7,5,3.5,0,0,0
1,2,0,3,3,1.5,0,0,1
1,2,0,2,2,1,0,0,0
8,13,3,320,69,32,0,3,1
7,11,2,316,73,35.11,0,1,0
7,11,2,281,68,31.22,0,2,0
5,10,0,180,39,18,0,0,0
8,14,2,147,88,12.25,0,1,4
5,10,0,133,58,13.3,0,1,1
5,10,0,131,36,13.1,0,0,0
6,10,0,129,36,12.9,0,0,0
5,6,0,118,32,19.66,0,0,0
8,11,1,111,18,11.1,0,0,0
4,7,0,86,25,12.28,0,0,0
5,10,1,81,17,9,0,0,1
8,11,1,80,14,8,0,0,1
3,5,0,73,35,14.6,0,0,1
6,9,0,73,38,8.11,0,0,3
4,7,2,71,37,14.2,0,0,0
4,8,0,70,26,8.75,0,0,1
1,2,0,60,55,30,0,1,0
3,5,0,55,20,11,0,0,0
4,8,0,54,18,6.75,0,0,2
3,6,0,50,30,8.33,0,0,1
2,4,0,48,24,12,0,0,0
4,8,0,46,10,5.75,0,0,1
4,6,0,45,20,7.5,0,0,1
3,6,1,44,25,8.8,0,0,1
5,9,2,43,25,6.14,0,0,1
4,6,0,41,12,6.83,0,0,1
2,4,0,34,22,8.5,0,0,0
3,6,0,33,17,5.5,0,0,0
2,4,1,32,21*,10.66,0,0,1
4,8,2,32,14,5.33,0,0,2
4,8,1,32,14,4.57,0,0,0
2,4,1,31,23,10.33,0,0,1
2,4,0,31,26,7.75,0,0,2
2,3,1,29,28*,14.5,0,0,1
1,2,0,24,24,12,0,0,1
2,3,0,19,10,6.33,0,0,0
1,2,0,17,14,8.5,0,0,0
2,4,1,16,9,5.33,0,0,1
1,1,0,14,14,14,0,0,0
1,1,0,13,13,13,0,0,0
2,3,2,13,10*,13,0,0,1
2,2,1,12,8,12,0,0,0
1,2,0,11,11,5.5,0,0,1
1,2,0,10,9,5,0,0,0
1,2,0,9,6,4.5,0,0,0
1,2,1,8,8,8,0,0,0
2,4,1,7,3,2.33,0,0,0
2,3,0,6,4,2,0,0,1
1,2,0,3,2,1.5,0,0,0
5,9,0,242,95,26.88,0,1,0
5,9,1,239,55*,29.87,0,1,0
5,9,0,198,61,22,0,1,0
5,9,1,154,67,19.25,0,1,1
5,8,0,121,35,15.12,0,0,0
5,8,1,117,33,16.71,0,0,0
3,4,0,107,77,26.75,0,1,0
5,9,1,104,29,13,0,0,0
5,9,1,98,28,12.25,0,0,2
5,9,0,91,50,10.11,0,1,1
2,4,0,89,38,22.25,0,0,0
5,7,1,80,22,13.33,0,0,0
2,3,0,73,35,24.33,0,0,0
2,4,0,59,35,14.75,0,0,0
4,6,0,56,37,9.33,0,0,2
3,5,2,55,25,18.33,0,0,1
3,5,1,45,27,11.25,0,0,0
4,6,1,44,14*,8.8,0,0,1
3,6,1,42,26*,8.4,0,0,0
5,8,1,39,11,5.57,0,0,1
2,3,0,32,22,10.66,0,0,0
1,2,0,30,27,15,0,0,0
3,6,1,22,12,4.4,0,0,2
2,4,0,21,14,5.25,0,0,1
1,2,0,18,16,9,0,0,0
1,2,0,15,10,7.5,0,0,0
1,2,0,13,7,6.5,0,0,0
2,4,0,12,8,3,0,0,0
2,3,1,11,6*,5.5,0,0,0
2,3,1,9,5*,4.5,0,0,1
2,4,0,9,8,2.25,0,0,1
1,2,0,8,6,4,0,0,0
1,2,0,8,5,4,0,0,0
2,2,0,8,6,4,0,0,0
3,3,1,6,3*,3,0,0,1
1,2,1,5,5*,5,0,0,1
1,2,0,4,3,2,0,0,0
1,2,0,4,3,2,0,0,0
1,2,0,0,0,0,0,0,2
5,9,1,280,79,35,0,2,0
5,10,0,176,37,17.6,0,0,2
4,6,0,166,56,27.66,0,1,0
5,10,0,146,37,14.6,0,0,1
5,9,0,131,51,14.55,0,1,0
5,9,0,126,34,14,0,0,0
3,6,0,120,46,20,0,0,0
5,10,0,120,40,12,0,0,1
4,7,0,116,66,16.57,0,1,0
4,6,0,115,81,19.16,0,1,0
5,10,2,107,35,13.37,0,0,0
4,6,1,105,44,21,0,0,0
4,6,0,102,58,17,0,1,0
4,7,1,98,35,16.33,0,0,1
5,10,1,94,16,10.44,0,0,1
5,10,4,94,52,15.66,0,1,1
3,6,0,69,34,11.5,0,0,0
4,8,0,67,27,8.37,0,0,3
4,7,0,63,16,9,0,0,0
4,7,3,60,23*,15,0,0,0
2,4,0,41,18,10.25,0,0,0
3,6,2,40,19,10,0,0,0
2,4,0,23,20,5.75,0,0,1
2,3,1,12,6*,6,0,0,0
1,2,0,11,7,5.5,0,0,0
1,2,0,9,6,4.5,0,0,0
2,3,1,9,7,4.5,0,0,0
5,10,2,7,3*,0.87,0,0,5
1,2,0,5,3,2.5,0,0,0
1,1,1,2,2*,-,0,0,0
2,2,0,1,1,0.5,0,0,1
1,1,0,0,0,0,0,0,1
5,9,1,205,63*,25.62,0,1,0
5,10,1,200,59*,22.22,0,1,1
5,9,1,182,49,22.75,0,0,1
5,9,0,156,75,17.33,0,1,2
4,8,2,139,49,23.16,0,0,0
4,8,1,128,33,18.28,0,0,0
3,6,1,121,53*,24.2,0,1,0
5,9,2,97,24*,13.85,0,0,1
4,8,1,96,24,13.71,0,0,2
4,8,1,94,49*,13.42,0,0,0
4,7,0,88,31,12.57,0,0,0
4,8,1,82,31,11.71,0,0,1
4,7,0,58,19,8.28,0,0,2
4,7,0,57,38,8.14,0,0,2
3,5,0,50,24,10,0,0,1
4,8,1,49,18*,7,0,0,1
2,4,0,47,29,11.75,0,0,0
3,5,0,47,20,9.4,0,0,0
2,4,1,40,26,13.33,0,0,1
4,7,2,35,14,7,0,0,3
1,2,0,34,27,17,0,0,0
3,5,0,34,20,6.8,0,0,0
3,6,1,27,12*,5.4,0,0,1
1,2,0,25,15,12.5,0,0,0
1,2,1,17,15*,17,0,0,0
5,9,1,16,6,2,0,0,3
1,2,0,13,9,6.5,0,0,0
1,2,1,10,8,10,0,0,0
1,1,0,9,9,9,0,0,0
2,4,0,9,4,2.25,0,0,1
1,2,0,8,6,4,0,0,0
2,3,0,8,6,2.66,0,0,1
1,2,0,7,7,3.5,0,0,1
1,2,0,7,4,3.5,0,0,0
1,2,0,6,5,3,0,0,0
2,3,1,6,3,3,0,0,0
1,1,0,5,5,5,0,0,0
1,2,0,4,4,2,0,0,1
1,2,0,4,4,2,0,0,1
1,2,0,4,2,2,0,0,0
1,2,0,0,0,0,0,0,2
6,11,0,392,167,35.63,1,1,3
6,12,0,311,65,25.91,0,3,1
6,11,1,226,78,22.6,0,2,0
6,12,0,190,45,15.83,0,0,1
6,11,0,184,33,16.72,0,0,0
6,11,0,182,46,16.54,0,0,1
6,11,1,179,58,17.9,0,1,1
6,12,1,164,44,14.9,0,0,1
6,11,1,155,46,15.5,0,0,1
5,9,0,151,69,16.77,0,1,2
4,7,3,149,60*,37.25,0,1,1
6,11,2,148,37,16.44,0,0,0
6,11,0,135,35,12.27,0,0,1
6,12,0,107,28,8.91,0,0,0
4,8,1,105,34*,15,0,0,0
6,11,1,94,25,9.4,0,0,2
3,6,0,67,27,11.16,0,0,0
3,6,0,60,37,10,0,0,2
3,6,0,54,24,9,0,0,0
2,4,1,53,28,17.66,0,0,1
2,4,0,44,29,11,0,0,0
6,12,5,42,7*,6,0,0,0
2,4,0,40,26,10,0,0,0
1,2,0,38,38,19,0,0,1
4,8,0,37,17,4.62,0,0,2
5,9,5,30,9*,7.5,0,0,0
4,8,1,28,10,4,0,0,1
1,2,1,22,18*,22,0,0,0
1,2,0,20,20,10,0,0,1
1,2,0,16,16,8,0,0,1
1,2,0,14,13,7,0,0,0
1,2,0,11,7,5.5,0,0,0
1,2,1,1,1,1,0,0,0
1,2,0,0,0,0,0,0,2
7,14,1,423,85,32.53,0,3,0
7,14,1,327,82*,25.15,0,2,1
6,12,2,250,49,25,0,0,0
7,14,1,249,70,19.15,0,1,0
7,12,0,209,37,17.41,0,0,1
7,13,0,192,42,14.76,0,0,2
7,14,0,185,58,13.21,0,1,2
7,13,1,178,46,14.83,0,0,1
7,14,0,158,47,11.28,0,0,1
4,8,0,140,39,17.5,0,0,0
6,12,1,134,47*,12.18,0,0,2
6,11,2,131,49,14.55,0,0,1
7,14,0,122,36,8.71,0,0,0
3,7,0,113,31,16.14,0,0,1
5,10,1,94,41,10.44,0,0,1
5,10,0,94,38,9.4,0,0,2
4,8,3,83,38*,16.6,0,0,2
2,4,1,79,47,26.33,0,0,0
5,10,1,76,34,8.44,0,0,1
7,12,4,68,43,8.5,0,0,5
6,10,4,67,19*,11.16,0,0,0
3,4,1,54,40,18,0,0,0
4,7,1,49,29,8.16,0,0,2
2,4,1,45,16*,15,0,0,0
2,4,0,42,15,10.5,0,0,0
2,4,0,41,28,10.25,0,0,1
2,4,2,31,19*,15.5,0,0,1
2,4,0,27,14,6.75,0,0,1
4,6,0,25,9,4.16,0,0,1
1,2,2,22,15*,-,0,0,0
4,8,1,22,8,3.14,0,0,3
1,1,1,14,14*,-,0,0,0
2,4,0,12,7,3,0,0,1
3,6,0,9,5,1.5,0,0,3
1,1,0,5,5,5,0,0,0
1,1,0,0,0,0,0,0,1
4,7,0,213,138,30.42,1,0,0
4,7,0,161,79,23,0,1,0
4,7,0,149,97,21.28,0,1,1
4,8,0,149,71,18.62,0,1,1
4,7,1,100,69,16.66,0,1,1
2,4,0,97,72,24.25,0,1,0
4,7,0,94,38,13.42,0,0,1
4,7,0,85,37,12.14,0,0,0
4,8,1,83,45,11.85,0,0,0
4,8,0,76,20,9.5,0,0,1
2,4,0,74,39,18.5,0,0,0
3,6,0,66,26,11,0,0,2
2,4,0,62,45,15.5,0,0,0
2,4,0,59,26,14.75,0,0,0
2,4,1,56,40,18.66,0,0,0
4,8,0,55,36,6.87,0,0,1
4,7,0,53,28,7.57,0,0,1
3,5,2,46,26,15.33,0,0,0
2,4,0,44,23,11,0,0,0
2,4,0,40,26,10,0,0,1
4,8,0,38,9,4.75,0,0,1
2,4,1,36,22,12,0,0,0
2,4,0,34,31,8.5,0,0,0
2,4,1,33,20,11,0,0,0
2,4,0,30,18,7.5,0,0,0
1,2,0,24,14,12,0,0,0
2,4,1,20,14,6.66,0,0,0
2,4,0,18,7,4.5,0,0,0
1,2,0,15,13,7.5,0,0,0
1,2,0,14,13,7,0,0,0
1,2,1,10,7,10,0,0,0
1,2,1,10,7*,10,0,0,0
1,2,0,6,6,3,0,0,0
1,2,0,5,3,2.5,0,0,0
1,2,0,4,4,2,0,0,1
4,8,1,147,50,21,0,1,0
4,7,0,142,62,20.28,0,1,0
4,8,1,137,47,19.57,0,0,1
4,8,2,136,52,22.66,0,1,1
4,8,0,120,24,15,0,0,0
4,8,1,108,33*,15.42,0,0,0
4,8,0,106,34,13.25,0,0,2
4,8,2,82,31,13.66,0,0,1
2,4,0,79,42,19.75,0,0,1
2,4,0,78,32,19.5,0,0,0
4,8,0,74,33,9.25,0,0,1
3,6,0,61,25,10.16,0,0,1
2,4,0,56,36,14,0,0,1
4,8,0,55,30,6.87,0,0,0
2,4,0,48,23,12,0,0,0
2,4,0,47,22,11.75,0,0,1
2,3,0,45,36,15,0,0,0
1,2,0,44,29,22,0,0,0
2,4,1,29,20*,9.66,0,0,0
2,4,0,29,13,7.25,0,0,0
2,4,1,28,13*,9.33,0,0,0
3,6,2,28,10,7,0,0,0
2,3,0,21,9,7,0,0,0
2,4,0,21,17,5.25,0,0,1
1,2,0,19,10,9.5,0,0,0
2,4,1,19,11,6.33,0,0,1
1,2,0,18,13,9,0,0,0
2,3,0,17,8,5.66,0,0,0
2,4,0,16,9,4,0,0,2
2,3,0,9,8,3,0,0,0
2,4,2,9,4,4.5,0,0,0
1,2,0,6,6,3,0,0,0
1,2,0,6,5,3,0,0,0
2,4,1,5,4,1.66,0,0,2
2,3,0,4,4,1.33,0,0,2
1,2,0,2,2,1,0,0,1
5,10,0,319,73,31.9,0,1,0
6,12,0,305,66,25.41,0,2,0
6,12,2,297,73,29.7,0,2,0
6,10,0,282,66,28.2,0,3,1
6,12,0,195,45,16.25,0,0,1
6,12,1,193,54,17.54,0,1,1
6,11,0,180,47,16.36,0,0,1
6,11,2,162,42*,18,0,0,0
5,9,0,136,44,15.11,0,0,0
6,12,0,136,31,11.33,0,0,1
5,9,2,127,50*,18.14,0,1,1
4,7,1,119,53,19.83,0,1,0
6,11,1,116,49,11.6,0,0,1
3,6,1,85,35,17,0,0,0
4,8,0,77,15,9.62,0,0,0
4,8,2,58,19*,9.66,0,0,0
4,7,1,55,13,9.16,0,0,1
4,7,1,51,22,8.5,0,0,0
3,6,1,47,18*,9.4,0,0,2
1,2,1,46,37*,46,0,0,0
4,8,2,43,17,7.16,0,0,2
4,7,0,41,11,5.85,0,0,0
2,4,1,38,16*,12.66,0,0,0
5,9,0,36,17,4,0,0,3
2,4,0,34,13,8.5,0,0,0
2,4,1,31,24,10.33,0,0,1
6,11,3,23,8,2.87,0,0,4
2,3,1,21,11*,10.5,0,0,0
1,2,0,20,11,10,0,0,0
1,2,0,9,9,4.5,0,0,1
1,2,0,8,7,4,0,0,0
1,2,0,7,7,3.5,0,0,1
1,2,0,4,4,2,0,0,1
1,2,1,3,3*,3,0,0,1
1,1,0,2,2,2,0,0,0
1,2,1,2,2,2,0,0,0
1,1,0,0,0,0,0,0,1
4,8,0,144,50,18,0,1,2
4,8,0,137,39,17.12,0,0,1
4,8,0,136,75,17,0,1,2
4,8,0,131,42,16.37,0,0,0
4,8,0,129,46,16.12,0,0,2
4,8,0,111,63,13.87,0,1,4
4,8,0,108,48,13.5,0,0,1
4,8,1,86,25,12.28,0,0,0
4,8,1,82,28,11.71,0,0,0
3,6,0,81,33,13.5,0,0,0
4,8,1,80,32,11.42,0,0,2
4,8,0,71,21,8.87,0,0,1
4,7,3,67,29*,16.75,0,0,1
4,8,0,61,19,7.62,0,0,1
4,8,0,51,15,6.37,0,0,2
4,8,0,49,10,6.12,0,0,0
4,8,1,41,27,5.85,0,0,1
1,2,1,40,24*,40,0,0,0
4,7,2,39,17,7.8,0,0,0
2,4,0,33,25,8.25,0,0,1
1,2,1,26,20*,26,0,0,0
4,8,0,25,9,3.12,0,0,3
1,2,1,22,16*,22,0,0,0
2,4,1,21,11,7,0,0,1
2,4,0,17,13,4.25,0,0,1
2,3,1,15,7*,7.5,0,0,0
1,2,2,8,6*,-,0,0,0
1,2,1,6,4,6,0,0,0
3,6,0,157,78,26.16,0,2,0
4,8,0,147,27,18.37,0,0,0
4,8,0,144,61,18,0,1,2
3,5,0,141,66,28.2,0,2,0
4,8,0,137,79,17.12,0,1,1
3,5,0,134,53,26.8,0,1,1
4,8,0,131,82,16.37,0,1,0
4,8,0,99,31,12.37,0,0,1
3,6,0,95,52,15.83,0,1,2
3,6,0,83,32,13.83,0,0,1
3,5,2,74,25,24.66,0,0,0
3,6,0,74,31,12.33,0,0,0
3,6,0,67,28,11.16,0,0,0
4,8,1,65,22,9.28,0,0,3
2,4,0,61,25,15.25,0,0,0
4,7,2,60,15*,12,0,0,1
2,4,0,53,22,13.25,0,0,0
3,6,1,51,11,10.2,0,0,0
3,6,3,51,22,17,0,0,0
2,4,0,39,25,9.75,0,0,1
1,2,0,25,24,12.5,0,0,0
3,6,0,23,8,3.83,0,0,0
1,2,1,22,18*,22,0,0,0
3,6,0,22,17,3.66,0,0,3
1,2,0,14,12,7,0,0,0
1,2,1,12,12*,12,0,0,1
1,2,0,12,9,6,0,0,0
1,2,1,12,7*,12,0,0,0
1,2,0,10,9,5,0,0,0
4,7,2,8,5,1.6,0,0,3
3,6,0,7,4,1.16,0,0,3
1,2,1,6,4,6,0,0,0
1,2,0,4,3,2,0,0,0
1,2,1,4,3,4,0,0,0
1,1,1,0,0*,-,0,0,0
1,2,1,67,37,67,0,0,0
1,2,0,40,37,20,0,0,0
1,2,1,37,36*,37,0,0,0
1,2,0,31,31,15.5,0,0,1
1,2,0,27,22,13.5,0,0,0
1,2,0,24,12,12,0,0,0
1,1,1,20,20*,-,0,0,0
1,2,0,17,17,8.5,0,0,1
1,2,1,16,16*,16,0,0,1
1,1,0,14,14,14,0,0,0
1,2,0,13,11,6.5,0,0,0
1,2,0,9,8,4.5,0,0,0
1,1,0,8,8,8,0,0,0
1,2,0,8,4,4,0,0,0
1,2,0,8,8,4,0,0,1
1,1,0,7,7,7,0,0,0
1,2,0,6,6,3,0,0,1
1,2,0,5,5,2.5,0,0,1
1,2,0,4,3,2,0,0,0
1,2,1,4,3,4,0,0,0
1,1,0,3,3,3,0,0,0
1,1,0,0,0,0,0,0,1
5,10,1,423,102,47,1,3,0
5,10,0,222,117,22.2,1,0,0
3,6,0,165,66,27.5,0,1,0
5,10,0,161,49,16.1,0,0,0
5,10,0,144,53,14.4,0,1,0
5,10,0,137,29,13.7,0,0,2
4,7,3,133,55*,33.25,0,1,1
2,4,0,111,73,27.75,0,1,0
3,6,1,109,39,21.8,0,0,0
4,8,1,103,61*,14.71,0,1,3
5,9,1,88,32,11,0,0,0
5,9,1,86,41,10.75,0,0,1
2,4,1,69,26,23,0,0,0
4,8,1,67,26,9.57,0,0,0
5,10,0,66,17,6.6,0,0,1
3,6,1,55,28,11,0,0,2
1,2,0,49,35,24.5,0,0,0
2,4,0,47,22,11.75,0,0,0
3,6,1,47,28,9.4,0,0,2
3,6,0,41,18,6.83,0,0,0
1,2,0,38,26,19,0,0,0
5,10,1,38,15*,4.22,0,0,3
1,2,0,33,26,16.5,0,0,0
1,2,1,29,22,29,0,0,0
2,4,0,26,16,6.5,0,0,0
2,4,0,23,10,5.75,0,0,0
2,4,0,22,9,5.5,0,0,1
1,2,1,18,15,18,0,0,0
4,8,5,18,9,6,0,0,1
3,6,2,17,7,4.25,0,0,2
1,2,0,16,13,8,0,0,0
2,4,0,16,10,4,0,0,1
1,2,0,15,10,7.5,0,0,0
1,2,0,12,9,6,0,0,0
1,2,0,12,10,6,0,0,0
1,2,0,7,7,3.5,0,0,1
3,6,0,6,3,1,0,0,4
1,2,0,5,5,2.5,0,0,1
1,2,0,3,2,1.5,0,0,0
1,2,0,2,2,1,0,0,1
1,2,0,2,1,1,0,0,0
6,12,0,296,93,24.66,0,2,2
7,14,1,295,57,22.69,0,1,0
7,14,0,286,63,20.42,0,1,3
7,14,0,270,65,19.28,0,2,0
7,14,0,179,36,12.78,0,0,2
4,7,2,170,62,34,0,2,0
9,17,2,155,28,10.33,0,0,3
7,14,2,150,36,12.5,0,0,1
5,10,0,144,39,14.4,0,0,2
7,13,1,140,41,11.66,0,0,0
7,14,0,137,44,9.78,0,0,1
6,12,0,131,26,10.91,0,0,0
7,14,0,123,34,8.78,0,0,3
6,12,0,121,50,10.08,0,1,2
6,11,1,115,37,11.5,0,0,1
6,12,3,108,39*,12,0,0,2
7,14,2,107,30*,8.91,0,0,4
7,14,1,104,42,8,0,0,2
4,8,1,103,36,14.71,0,0,0
4,8,0,81,51,10.12,0,1,1
4,8,0,68,26,8.5,0,0,1
3,6,1,64,20*,12.8,0,0,1
4,8,0,64,28,8,0,0,2
2,4,0,60,43,15,0,0,0
2,4,0,55,39,13.75,0,0,1
2,4,0,50,36,12.5,0,0,0
5,10,1,50,30,5.55,0,0,3
3,5,0,48,23,9.6,0,0,1
3,5,0,46,13,9.2,0,0,0
3,6,0,46,13,7.66,0,0,0
5,8,0,45,14,5.62,0,0,0
2,4,0,41,19,10.25,0,0,1
1,2,0,39,26,19.5,0,0,0
3,6,0,38,22,6.33,0,0,3
6,12,6,38,8*,6.33,0,0,2
2,4,0,37,21,9.25,0,0,1
4,8,1,36,18*,5.14,0,0,2
1,2,0,34,22,17,0,0,0
5,9,2,31,20,4.42,0,0,4
3,6,1,30,13,6,0,0,2
4,8,3,30,13,6,0,0,2
4,8,0,29,9,3.62,0,0,2
4,8,0,27,12,3.37,0,0,0
4,8,2,25,9*,4.16,0,0,0
1,1,0,23,23,23,0,0,0
1,2,1,23,18*,23,0,0,0
3,6,3,21,9,7,0,0,0
1,2,1,19,17,19,0,0,0
4,8,3,19,5*,3.8,0,0,0
1,2,0,18,18,9,0,0,1
10,17,1,381,59,23.81,0,3,0
11,19,2,293,93*,17.23,0,1,3
9,15,2,270,46,20.76,0,0,0
10,18,1,265,78,15.58,0,1,2
8,16,1,217,48,14.46,0,0,2
9,14,3,193,41*,17.54,0,0,3
9,16,0,192,37,12,0,0,3
9,15,0,179,39,11.93,0,0,1
11,17,2,144,44,9.6,0,0,3
8,16,1,135,29,9,0,0,2
8,14,0,127,22,9.07,0,0,0
7,14,2,123,31*,10.25,0,0,2
8,16,0,120,20,7.5,0,0,5
6,12,0,109,28,9.08,0,0,1
9,16,0,94,22,5.87,0,0,2
7,13,1,92,35,7.66,0,0,2
5,10,0,84,20,8.4,0,0,0
8,16,5,82,15,7.45,0,0,2
5,10,1,76,19,8.44,0,0,3
5,9,2,73,23*,10.42,0,0,3
6,10,0,72,37,7.2,0,0,3
3,5,0,61,24,12.2,0,0,1
3,5,1,53,40,13.25,0,0,1
7,13,1,53,10,4.41,0,0,3
3,5,1,50,22,12.5,0,0,0
3,6,2,50,28,12.5,0,0,1
5,8,2,50,14,8.33,0,0,1
3,6,1,49,17,9.8,0,0,1
4,8,0,46,22,5.75,0,0,1
9,16,5,37,11,3.36,0,0,5
2,3,0,36,29,12,0,0,1
4,8,2,32,12,5.33,0,0,3
2,3,2,20,16*,20,0,0,1
1,2,0,19,19,9.5,0,0,1
2,4,0,17,8,4.25,0,0,1
3,6,0,17,6,2.83,0,0,1
1,2,2,14,9*,-,0,0,0
1,2,0,12,9,6,0,0,0
2,3,1,10,6,5,0,0,0
2,4,0,6,6,1.5,0,0,3
1,2,0,5,3,2.5,0,0,0
2,3,0,5,5,1.66,0,0,2
1,2,0,4,4,2,0,0,1
1,2,0,4,4,2,0,0,1
1,1,0,2,2,2,0,0,0
1,2,0,2,1,1,0,0,0
1,2,0,2,2,1,0,0,1
1,2,0,2,1,1,0,0,0
9,16,1,320,80,21.33,0,1,2
8,15,2,306,94,23.53,0,1,3
10,20,1,261,37,13.73,0,0,3
8,14,0,228,67,16.28,0,1,3
8,14,1,224,59,17.23,0,1,1
8,15,1,219,48,15.64,0,0,1
8,14,0,208,50,14.85,0,1,4
10,20,0,178,45,8.9,0,0,2
8,14,0,176,48,12.57,0,0,2
8,16,1,156,39,10.4,0,0,5
4,7,1,155,59,25.83,0,1,0
10,19,0,144,38,7.57,0,0,6
2,3,0,140,116,46.66,1,0,0
6,10,1,137,38,15.22,0,0,0
10,19,2,137,27,8.05,0,0,3
4,7,1,130,54*,21.66,0,1,1
7,12,1,127,30,11.54,0,0,0
10,19,2,124,35,7.29,0,0,5
10,18,5,122,28,9.38,0,0,2
10,20,4,113,20,7.06,0,0,2
8,15,1,112,46,8,0,0,4
8,16,0,105,24,6.56,0,0,3
7,14,2,89,43*,7.41,0,0,4
3,6,1,83,38*,16.6,0,0,1
3,4,0,81,34,20.25,0,0,0
4,7,0,79,32,11.28,0,0,1
7,14,1,73,23,5.61,0,0,2
5,8,2,71,28,11.83,0,0,1
4,8,1,70,28,10,0,0,1
1,1,0,61,61,61,0,1,0
3,6,1,57,39,11.4,0,0,2
7,14,2,57,17,4.75,0,0,3
1,2,0,50,50,25,0,1,0
3,5,0,50,29,10,0,0,0
2,4,0,49,24,12.25,0,0,1
3,5,1,49,24*,12.25,0,0,0
1,2,0,47,27,23.5,0,0,0
2,4,0,47,16,11.75,0,0,0
4,8,0,44,24,5.5,0,0,1
2,4,1,42,33,14,0,0,0
2,4,1,42,33,14,0,0,0
1,2,0,40,39,20,0,0,0
1,2,0,34,26,17,0,0,0
1,2,0,34,22,17,0,0,0
2,3,0,33,17,11,0,0,0
1,2,0,31,30,15.5,0,0,0
2,4,0,31,21,7.75,0,0,1
2,4,0,30,13,7.5,0,0,1
2,3,0,29,27,9.66,0,0,1
2,4,1,26,15,8.66,0,0,0
8,15,0,316,60,21.06,0,2,2
8,16,0,257,55,16.06,0,1,3
7,12,2,245,51,24.5,0,1,1
10,17,1,239,43,14.93,0,0,1
7,14,1,231,68,17.76,0,1,0
10,18,0,209,23,11.61,0,0,3
10,19,0,193,42,10.15,0,0,3
7,14,2,174,60,14.5,0,1,2
7,14,1,172,69,13.23,0,1,4
6,12,1,160,58,14.54,0,1,1
6,11,4,140,36*,20,0,0,1
6,11,0,140,41,12.72,0,0,2
8,13,1,139,73,11.58,0,1,3
7,10,1,138,36,15.33,0,0,0
6,11,3,128,32,16,0,0,3
2,4,1,122,44*,40.66,0,0,0
8,13,2,111,30*,10.09,0,0,1
6,9,0,109,33,12.11,0,0,2
6,11,0,108,33,9.81,0,0,1
4,8,0,106,39,13.25,0,0,2
5,10,0,97,31,9.7,0,0,2
2,4,0,95,42,23.75,0,0,0
7,12,1,88,26,8,0,0,4
8,16,2,86,15,6.14,0,0,3
2,4,0,79,56,19.75,0,1,0
3,6,0,75,39,12.5,0,0,1
9,16,0,75,11,4.68,0,0,2
3,6,0,67,41,11.16,0,0,1
3,6,2,64,29,16,0,0,0
3,6,1,52,18,10.4,0,0,1
2,4,0,51,35,12.75,0,0,0
2,4,0,50,26,12.5,0,0,1
2,4,1,48,17,16,0,0,0
2,4,0,48,24,12,0,0,0
2,4,0,42,29,10.5,0,0,0
2,3,0,39,18,13,0,0,0
2,4,0,39,30,9.75,0,0,2
1,2,0,32,21,16,0,0,0
1,2,0,32,20,16,0,0,0
2,4,1,31,13,10.33,0,0,0
1,2,1,30,19,30,0,0,0
2,4,1,29,10*,9.66,0,0,0
4,8,2,28,13*,4.66,0,0,1
3,6,2,27,19,6.75,0,0,2
2,4,0,26,20,6.5,0,0,2
1,2,0,22,18,11,0,0,0
1,2,1,21,18*,21,0,0,0
1,2,0,20,12,10,0,0,0
4,6,2,20,10*,5,0,0,1
4,8,2,20,6*,3.33,0,0,1
9,16,1,532,91,35.46,0,5,2
11,20,0,314,76,15.7,0,2,3
13,24,1,314,39,13.65,0,0,3
11,21,5,312,89,19.5,0,1,1
8,14,2,296,90,24.66,0,3,3
9,16,1,288,61,19.2,0,1,0
12,23,1,254,32,11.54,0,0,1
8,14,1,196,34,15.07,0,0,2
9,18,2,171,44,10.68,0,0,2
6,12,0,170,47,14.16,0,0,3
6,12,3,158,39,17.55,0,0,0
5,10,0,142,39,14.2,0,0,1
5,9,1,139,47,17.37,0,0,1
6,11,0,138,37,12.54,0,0,1
7,14,2,107,43,8.91,0,0,4
5,9,0,105,28,11.66,0,0,0
10,18,2,100,17,6.25,0,0,5
2,4,0,93,80,23.25,0,1,1
10,19,0,93,29,4.89,0,0,4
3,6,0,91,34,15.16,0,0,0
3,6,1,91,61*,18.2,0,1,0
1,1,0,89,89,89,0,1,0
3,5,0,88,53,17.6,0,1,1
4,7,0,87,37,12.42,0,0,2
4,8,2,82,21,13.66,0,0,0
4,8,0,76,32,9.5,0,0,1
9,17,3,73,17,5.21,0,0,4
3,6,1,70,46*,14,0,0,1
4,8,0,69,36,8.62,0,0,3
2,3,0,65,57,21.66,0,1,0
1,2,0,63,50,31.5,0,1,0
2,4,0,60,33,15,0,0,0
3,6,0,59,26,9.83,0,0,1
2,4,0,58,38,14.5,0,0,0
2,4,1,58,24,19.33,0,0,0
3,6,1,58,34,11.6,0,0,1
1,2,0,56,36,28,0,0,0
2,3,2,55,39*,55,0,0,0
2,4,0,55,35,13.75,0,0,1
3,6,0,55,25,9.16,0,0,0
3,5,0,53,30,10.6,0,0,1
2,4,0,51,45,12.75,0,0,1
1,2,0,50,50,25,0,1,1
7,13,5,48,10*,6,0,0,1
1,2,0,44,39,22,0,0,0
2,4,1,43,20,14.33,0,0,0
2,3,0,37,28,12.33,0,0,0
2,3,0,35,24,11.66,0,0,0
6,11,1,35,18,3.5,0,0,4
1,2,1,32,20,32,0,0,0
13,23,2,542,107,25.8,1,2,2
13,24,0,503,144,20.95,1,1,1
13,25,1,388,60*,16.16,0,3,2
15,29,1,374,54,13.35,0,1,0
16,31,0,372,64,12,0,1,8
15,27,1,270,40,10.38,0,0,2
8,15,3,266,58,22.16,0,1,0
8,13,2,258,45,23.45,0,0,2
11,19,2,238,61,14,0,1,2
8,16,1,230,55,15.33,0,1,3
8,14,1,207,63,15.92,0,1,0
8,14,1,182,49,14,0,0,2
6,12,2,135,49*,13.5,0,0,1
7,12,0,128,46,10.66,0,0,3
9,16,2,122,36*,8.71,0,0,2
6,9,1,116,34,14.5,0,0,1
5,10,0,116,27,11.6,0,0,2
11,21,5,112,16,7,0,0,5
4,7,1,111,60*,18.5,0,1,2
5,8,1,109,68*,15.57,0,1,1
1,1,0,107,107,107,1,0,0
10,19,3,107,19,6.68,0,0,5
4,7,0,97,40,13.85,0,0,0
2,4,0,96,59,24,0,1,0
12,20,2,96,20,5.33,0,0,5
6,12,1,94,20,8.54,0,0,1
5,10,0,79,28,7.9,0,0,1
2,4,0,72,31,18,0,0,0
3,5,0,69,30,13.8,0,0,1
11,20,4,69,15*,4.31,0,0,9
3,5,0,68,44,13.6,0,0,0
5,9,0,65,41,7.22,0,0,2
5,8,0,63,21,7.87,0,0,1
6,11,1,62,23,6.2,0,0,2
4,7,3,59,16*,14.75,0,0,0
4,8,1,59,20,8.42,0,0,1
2,4,0,56,31,14,0,0,1
4,8,0,55,18,6.87,0,0,0
4,8,0,50,19,6.25,0,0,1
2,4,0,48,22,12,0,0,0
2,4,0,48,30,12,0,0,1
3,6,0,46,15,7.66,0,0,1
4,6,3,46,17,15.33,0,0,1
5,10,1,44,16,4.88,0,0,3
3,4,1,43,21*,14.33,0,0,1
2,4,3,40,15*,40,0,0,0
7,10,4,40,12,6.66,0,0,2
4,7,2,34,16,6.8,0,0,0
2,4,1,33,18,11,0,0,1
13,24,2,496,138,22.54,1,1,2
9,16,2,383,106*,27.35,1,2,1
16,30,3,316,56,11.7,0,1,7
9,18,3,270,45*,18,0,0,3
15,28,0,211,40,7.53,0,0,9
9,16,2,197,64,14.07,0,1,2
10,20,3,178,43*,10.47,0,0,1
7,12,1,165,51,15,0,1,1
10,17,1,156,30*,9.75,0,0,2
9,16,1,155,51,10.33,0,1,2
6,12,2,153,67,15.3,0,1,0
7,13,2,146,27,13.27,0,0,1
2,4,0,139,69,34.75,0,2,0
2,4,0,117,52,29.25,0,1,0
9,18,1,115,28,6.76,0,0,2
11,20,4,110,17,6.87,0,0,3
5,8,1,106,37*,15.14,0,0,1
6,11,1,96,25,9.6,0,0,2
8,14,0,90,24,6.42,0,0,2
10,18,1,88,22,5.17,0,0,5
11,21,1,75,16,3.75,0,0,8
5,10,1,70,20*,7.77,0,0,2
2,4,0,67,32,16.75,0,0,0
9,17,3,64,23,4.57,0,0,6
2,4,1,62,32*,20.66,0,0,0
3,6,1,61,36,12.2,0,0,2
4,8,1,61,18,8.71,0,0,1
3,6,0,60,30,10,0,0,0
4,8,3,58,25,11.6,0,0,2
5,9,0,58,21,6.44,0,0,0
3,6,0,56,35,9.33,0,0,2
3,6,0,55,19,9.16,0,0,2
4,8,1,52,17,7.42,0,0,0
6,11,3,51,27*,6.37,0,0,4
8,13,0,51,17,3.92,0,0,6
4,8,1,50,11,7.14,0,0,1
5,10,0,50,13,5,0,0,1
4,7,0,49,33,7,0,0,2
4,8,1,46,15,6.57,0,0,2
4,8,0,45,15,5.62,0,0,1
4,8,1,44,30,6.28,0,0,3
3,6,1,41,22*,8.2,0,0,2
1,2,1,40,25,40,0,0,0
3,5,0,40,20,8,0,0,1
2,4,2,39,34*,19.5,0,0,0
2,4,1,39,18,13,0,0,0
4,7,1,37,9,6.16,0,0,1
6,11,1,37,16*,3.7,0,0,3
2,4,0,36,18,9,0,0,0
2,4,1,36,22,12,0,0,1
11,21,1,479,102,23.95,1,3,2
11,22,2,462,102,23.1,1,1,1
11,22,3,417,75*,21.94,0,2,4
10,20,1,393,115*,20.68,1,1,1
10,19,2,379,75,22.29,0,3,2
10,20,0,285,63,14.25,0,1,3
9,18,0,234,62,13,0,2,2
12,23,0,230,54,10,0,1,1
13,26,1,222,49,8.88,0,0,5
7,14,1,200,48,15.38,0,0,2
10,20,1,193,26,10.15,0,0,0
12,24,2,182,41,8.27,0,0,3
7,14,1,180,38,13.84,0,0,0
10,20,0,168,19,8.4,0,0,3
11,21,1,166,29,8.3,0,0,5
9,18,2,160,38,10,0,0,5
10,19,0,155,43,8.15,0,0,1
11,21,4,128,38,7.52,0,0,3
7,14,0,125,37,8.92,0,0,0
5,10,3,108,34,15.42,0,0,3
6,11,1,97,21,9.7,0,0,0
4,8,1,92,35,13.14,0,0,0
8,16,0,91,20,5.68,0,0,2
6,11,0,85,17,7.72,0,0,1
7,13,1,85,24*,7.08,0,0,4
8,15,1,81,22,5.78,0,0,5
5,10,2,78,18,9.75,0,0,1
7,13,2,76,33*,6.9,0,0,4
2,4,2,75,41*,37.5,0,0,0
4,8,0,71,31,8.87,0,0,1
7,14,4,68,23,6.8,0,0,4
4,7,0,67,23,9.57,0,0,2
4,8,1,63,30,9,0,0,0
4,8,0,59,19,7.37,0,0,1
5,9,0,51,32,5.66,0,0,4
10,19,9,45,13,4.5,0,0,1
5,10,0,44,19,4.4,0,0,3
4,7,0,41,13,5.85,0,0,0
5,10,3,41,9*,5.85,0,0,1
3,6,0,40,19,6.66,0,0,3
8,14,4,40,12,4,0,0,1
3,6,1,39,19,7.8,0,0,1
5,9,2,27,9,3.85,0,0,2
3,6,0,24,17,4,0,0,3
3,5,0,22,11,4.4,0,0,2
1,2,0,21,13,10.5,0,0,0
3,6,0,20,10,3.33,0,0,2
2,4,0,19,9,4.75,0,0,0
2,4,1,19,9,6.33,0,0,1
2,4,1,18,11,6,0,0,1
18,34,1,800,89,24.24,0,7,2
15,28,1,768,78,28.44,0,5,2
16,32,0,662,85,20.68,0,3,3
15,30,1,526,56,18.13,0,1,0
15,29,2,427,95,15.81,0,1,3
12,24,0,366,40,15.25,0,0,3
14,28,1,364,69,13.48,0,2,3
19,37,3,349,71,10.26,0,2,9
19,38,3,343,46,9.8,0,0,6
16,31,3,277,33,9.89,0,0,6
11,22,0,272,43,12.36,0,0,2
15,29,3,267,50,10.26,0,1,5
14,25,2,184,36,8,0,0,6
15,28,2,182,23,7,0,0,5
15,29,6,174,22*,7.56,0,0,6
10,18,2,168,25,10.5,0,0,1
10,19,0,167,29,8.78,0,0,3
12,22,3,156,68,8.21,0,1,5
11,22,1,152,35,7.23,0,0,4
10,19,1,147,62,8.16,0,1,5
12,24,0,123,24,5.12,0,0,7
2,4,0,101,76,25.25,0,1,1
4,8,1,96,22,13.71,0,0,0
4,8,1,82,18*,11.71,0,0,1
2,4,0,74,33,18.5,0,0,0
3,5,1,66,28*,16.5,0,0,2
5,10,0,60,16,6,0,0,1
6,12,1,59,21*,5.36,0,0,3
4,8,2,54,37*,9,0,0,2
1,2,0,53,49,26.5,0,0,0
7,12,6,52,16*,8.66,0,0,1
2,4,1,47,24,15.66,0,0,0
2,4,0,44,22,11,0,0,0
3,6,3,42,11*,14,0,0,0
5,10,1,38,14,4.22,0,0,4
3,6,1,35,15*,7,0,0,2
4,7,0,35,10,5,0,0,1
2,4,1,31,10*,10.33,0,0,0
1,2,1,29,16*,29,0,0,0
2,4,1,29,14*,9.66,0,0,1
10,18,10,27,5*,3.37,0,0,4
2,4,0,26,15,6.5,0,0,0
3,4,2,26,15,13,0,0,1
2,3,0,22,16,7.33,0,0,0
2,4,0,22,12,5.5,0,0,1
2,4,0,22,11,5.5,0,0,0
2,4,0,20,11,5,0,0,1
3,5,0,20,11,4,0,0,0
2,3,0,17,12,5.66,0,0,0
2,4,0,15,6,3.75,0,0,1
4,6,1,250,76*,50,0,2,0
7,14,0,220,42,15.71,0,0,1
4,8,1,160,60,22.85,0,1,0
7,13,1,147,50,12.25,0,1,0
5,9,2,138,46,19.71,0,0,1
6,11,0,132,34,12,0,0,1
4,8,1,125,57*,17.85,0,1,0
7,14,0,118,37,8.42,0,0,3
7,13,1,100,20,8.33,0,0,1
6,12,0,97,26,8.08,0,0,2
5,10,0,89,18,8.9,0,0,0
2,3,1,82,72*,41,0,1,1
3,5,0,81,58,16.2,0,1,0
6,11,0,79,30,7.18,0,0,3
5,9,1,75,30,9.37,0,0,1
3,4,0,66,27,16.5,0,0,1
5,10,2,62,19,7.75,0,0,0
3,6,1,61,26,12.2,0,0,0
5,10,1,61,20,6.77,0,0,4
5,9,2,51,12*,7.28,0,0,2
3,5,0,39,22,7.8,0,0,1
5,8,1,39,17*,5.57,0,0,2
2,4,0,38,13,9.5,0,0,0
4,7,0,37,12,5.28,0,0,2
2,4,0,34,21,8.5,0,0,1
1,2,0,24,24,12,0,0,1
3,5,0,24,13,4.8,0,0,2
2,4,1,22,11,7.33,0,0,0
1,2,0,21,21,10.5,0,0,1
1,2,0,17,14,8.5,0,0,0
4,7,3,16,9,4,0,0,1
4,7,1,13,4,2.16,0,0,1
1,2,0,10,9,5,0,0,0
2,3,0,10,5,3.33,0,0,1
1,2,0,9,6,4.5,0,0,0
2,4,0,9,8,2.25,0,0,2
1,2,2,8,8*,-,0,0,0
2,3,2,7,5*,7,0,0,1
1,2,0,5,5,2.5,0,0,1
1,2,1,3,3*,3,0,0,1
1,2,1,3,3,3,0,0,0
1,2,0,2,2,1,0,0,1
2,4,1,2,2*,0.66,0,0,3
1,1,0,1,1,1,0,0,0
1,2,1,1,1,1,0,0,0
2,3,1,1,1,0.5,0,0,1
1,1,0,0,0,0,0,0,1
1,1,0,0,0,0,0,0,1
1,2,0,0,0,0,0,0,2
1,2,1,0,0*,0,0,0,1
11,22,2,557,104,27.85,1,2,2
8,16,2,531,83*,37.92,0,5,0
10,18,0,491,125,27.27,2,1,4
8,15,2,432,75,33.23,0,4,2
12,23,5,428,61,23.77,0,2,6
7,14,1,310,81,23.84,0,2,0
8,14,1,272,74,20.92,0,1,0
5,9,0,270,82,30,0,2,0
7,13,1,241,56,20.08,0,1,1
10,20,0,227,53,11.35,0,1,2
12,24,2,197,29,8.95,0,0,4
11,20,2,186,27,10.33,0,0,3
9,17,0,179,26,10.52,0,0,1
11,20,2,166,30,9.22,0,0,2
10,18,1,152,53,8.94,0,1,6
8,14,2,120,26,10,0,0,1
9,17,2,110,39*,7.33,0,0,1
9,15,0,89,22,5.93,0,0,4
9,15,1,84,41*,6,0,0,5
5,9,4,76,26*,15.2,0,0,0
2,4,0,75,27,18.75,0,0,0
4,8,1,71,26,10.14,0,0,1
9,16,1,71,11,4.73,0,0,5
4,8,1,63,33,9,0,0,1
7,14,2,59,12,4.91,0,0,5
2,4,0,58,36,14.5,0,0,1
5,9,1,53,20,6.62,0,0,2
2,4,0,52,24,13,0,0,1
3,5,0,44,18,8.8,0,0,1
5,9,2,44,24*,6.28,0,0,2
2,4,0,43,16,10.75,0,0,0
2,3,0,33,24,11,0,0,0
2,4,0,32,23,8,0,0,0
4,7,2,32,17*,6.4,0,0,2
1,2,2,21,21*,-,0,0,0
3,6,0,20,10,3.33,0,0,2
1,2,0,19,13,9.5,0,0,0
3,6,1,17,16,3.4,0,0,3
5,8,2,16,10*,2.66,0,0,3
2,3,1,15,6,7.5,0,0,0
2,4,0,15,9,3.75,0,0,2
3,6,1,13,7*,2.6,0,0,2
2,3,0,12,12,4,0,0,2
2,4,1,12,6*,4,0,0,2
1,2,1,11,11*,11,0,0,1
1,2,1,11,8,11,0,0,0
1,2,1,9,7,9,0,0,0
1,2,0,7,4,3.5,0,0,0
1,2,0,5,5,2.5,0,0,1
7,13,0,215,46,16.53,0,0,2
8,15,2,214,34*,16.46,0,0,1
8,15,1,175,31*,12.5,0,0,1
7,13,0,172,50,13.23,0,1,1
8,15,0,158,36,10.53,0,0,3
5,10,1,155,44*,17.22,0,0,1
7,14,1,135,41,10.38,0,0,3
5,10,0,129,33,12.9,0,0,0
6,11,2,128,28,14.22,0,0,0
5,9,0,121,28,13.44,0,0,0
5,10,0,120,51,12,0,1,1
5,8,1,101,53*,14.42,0,1,1
6,10,0,75,17,7.5,0,0,2
4,7,1,69,53*,11.5,0,1,2
3,6,0,64,25,10.66,0,0,0
2,4,2,59,30*,29.5,0,0,0
5,9,0,58,26,6.44,0,0,2
3,6,1,50,27,10,0,0,1
8,15,0,48,8,3.2,0,0,5
3,5,0,47,21,9.4,0,0,1
3,5,0,38,30,7.6,0,0,0
3,6,0,38,17,6.33,0,0,2
2,4,0,32,22,8,0,0,1
4,7,1,31,17,5.16,0,0,2
2,4,0,28,17,7,0,0,1
1,2,0,24,15,12,0,0,0
2,4,0,24,11,6,0,0,0
4,7,3,24,9*,6,0,0,1
4,7,1,23,7,3.83,0,0,2
2,4,1,22,13,7.33,0,0,0
2,4,0,20,13,5,0,0,2
3,5,2,20,8,6.66,0,0,0
2,4,0,16,6,4,0,0,0
1,2,1,15,10*,15,0,0,0
2,4,3,15,7*,15,0,0,1
5,10,1,15,6,1.66,0,0,4
1,2,0,14,11,7,0,0,0
3,6,0,14,10,2.33,0,0,3
1,2,0,11,9,5.5,0,0,0
1,2,0,11,7,5.5,0,0,0
3,5,3,10,6*,5,0,0,0
2,3,0,9,5,3,0,0,1
1,1,0,8,8,8,0,0,0
2,4,1,8,5*,2.66,0,0,1
2,4,0,8,4,2,0,0,1
1,2,0,7,4,3.5,0,0,0
1,2,0,5,4,2.5,0,0,0
2,3,2,4,2*,4,0,0,0
2,4,2,4,3*,2,0,0,1
4,7,2,283,82*,56.6,0,3,0
4,8,0,235,88,29.37,0,1,1
4,8,1,227,74,32.42,0,1,0
4,8,0,192,51,24,0,1,0
4,6,0,187,93,31.16,0,1,0
4,6,0,179,82,29.83,0,2,0
4,8,2,94,37*,15.66,0,0,1
4,8,1,94,32,13.42,0,0,3
4,8,0,90,30,11.25,0,0,1
4,6,0,80,32,13.33,0,0,0
4,7,0,72,21,10.28,0,0,2
2,3,1,45,23*,22.5,0,0,0
4,7,1,40,19,6.66,0,0,1
2,3,0,36,30,12,0,0,1
3,5,1,25,12,6.25,0,0,0
4,7,0,23,7,3.28,0,0,2
3,5,2,19,7,6.33,0,0,0
4,7,1,19,7,3.16,0,0,1
3,5,0,17,5,3.4,0,0,0
2,4,0,15,7,3.75,0,0,0
1,2,0,11,9,5.5,0,0,0
2,3,0,11,9,3.66,0,0,1
3,6,0,11,5,1.83,0,0,1
1,2,0,8,8,4,0,0,1
1,2,0,8,5,4,0,0,0
2,3,1,4,2*,2,0,0,1
3,5,0,1,1,0.2,0,0,4
1,1,1,0,0*,-,0,0,0
1,2,1,0,0*,0,0,0,1
2,3,2,0,0*,0,0,0,1
5,9,0,159,88,17.66,0,1,2
5,10,0,139,37,13.9,0,0,1
5,8,1,128,52,18.28,0,1,1
5,10,1,113,33,12.55,0,0,2
5,9,1,101,28,12.62,0,0,1
5,8,0,100,52,12.5,0,1,1
5,10,0,86,49,8.6,0,0,0
3,6,1,85,32,17,0,0,0
5,8,0,62,15,7.75,0,0,0
2,4,2,53,34*,26.5,0,0,1
5,8,1,53,18*,7.57,0,0,1
4,8,1,48,18,6.85,0,0,3
2,4,2,41,31*,20.5,0,0,1
3,4,0,40,14,10,0,0,0
2,4,0,35,20,8.75,0,0,1
5,8,1,27,9,3.85,0,0,2
2,4,0,26,10,6.5,0,0,0
3,6,1,25,17,5,0,0,1
2,4,0,21,13,5.25,0,0,2
3,3,0,20,9,6.66,0,0,0
3,4,1,15,10,5,0,0,1
2,3,0,14,12,4.66,0,0,1
2,4,0,14,7,3.5,0,0,0
1,2,0,13,11,6.5,0,0,0
1,2,0,12,12,6,0,0,1
1,2,1,11,6*,11,0,0,0
2,3,0,11,11,3.66,0,0,2
1,1,0,10,10,10,0,0,0
3,6,2,10,4*,2.5,0,0,3
1,2,0,9,6,4.5,0,0,0
1,1,0,8,8,8,0,0,0
2,2,0,8,5,4,0,0,0
1,2,1,7,7,7,0,0,0
1,2,1,7,7,7,0,0,0
1,2,0,7,7,3.5,0,0,1
1,2,0,6,4,3,0,0,0
1,2,0,5,5,2.5,0,0,1
3,5,1,5,5,1.25,0,0,3
1,2,1,4,4*,4,0,0,1
1,2,0,4,3,2,0,0,0
1,1,1,3,3*,-,0,0,0
1,2,0,3,3,1.5,0,0,1
2,2,0,2,1,1,0,0,0
1,2,1,1,1,1,0,0,0
2,4,0,1,1,0.25,0,0,3
1,2,1,0,0*,0,0,0,1
1,2,0,0,0,0,0,0,2
1,2,0,0,0,0,0,0,2
1,2,0,0,0,0,0,0,2
3,6,1,141,55,28.2,0,1,1
3,6,0,120,82,20,0,1,0
3,6,0,115,56,19.16,0,1,0
2,4,0,100,41,25,0,0,0
3,6,0,88,46,14.66,0,0,2
3,6,1,70,31*,14,0,0,0
2,4,0,66,33,16.5,0,0,1
2,4,1,66,51*,22,0,1,1
3,6,0,48,29,8,0,0,1
2,4,0,45,17,11.25,0,0,0
2,4,0,41,13,10.25,0,0,0
1,2,0,23,14,11.5,0,0,0
2,3,0,21,11,7,0,0,0
3,5,1,21,13,5.25,0,0,0
2,3,0,16,8,5.33,0,0,0
2,3,0,15,14,5,0,0,1
1,2,0,14,13,7,0,0,0
1,2,1,13,10,13,0,0,0
2,4,2,12,7,6,0,0,1
2,4,0,12,9,3,0,0,0
1,2,1,11,10*,11,0,0,0
1,2,0,9,7,4.5,0,0,0
1,2,0,9,5,4.5,0,0,0
2,3,0,9,9,3,0,0,2
2,4,1,9,6*,3,0,0,2
1,2,0,8,7,4,0,0,0
1,2,0,6,3,3,0,0,0
1,2,0,6,6,3,0,0,1
1,2,0,6,4,3,0,0,0
1,2,1,5,5*,5,0,0,1
1,2,0,5,5,2.5,0,0,1
1,2,0,5,5,2.5,0,0,1
1,2,0,4,3,2,0,0,0
1,2,1,4,3*,4,0,0,0
1,2,0,3,3,1.5,0,0,1
1,2,1,3,3*,3,0,0,1
1,1,0,2,2,2,0,0,0
1,2,0,1,1,0.5,0,0,1
1,1,0,0,0,0,0,0,1
1,1,1,0,0*,-,0,0,0
2,4,0,106,54,26.5,0,1,0
2,4,1,96,50*,32,0,1,1
1,2,0,53,46,26.5,0,0,0
2,4,0,51,26,12.75,0,0,1
3,4,0,50,30,12.5,0,0,1
1,2,1,46,39*,46,0,0,0
1,2,0,44,44,22,0,0,1
1,2,0,43,36,21.5,0,0,0
2,4,0,43,18,10.75,0,0,0
2,4,1,43,13*,14.33,0,0,0
1,2,0,38,37,19,0,0,0
1,2,1,36,36*,36,0,0,1
3,5,2,36,10,12,0,0,0
1,2,0,35,29,17.5,0,0,0
1,2,0,35,35,17.5,0,0,1
1,2,1,34,23,34,0,0,0
2,4,0,31,13,7.75,0,0,0
1,2,0,24,23,12,0,0,0
2,3,1,20,17*,10,0,0,0
2,2,1,19,19,19,0,0,0
2,4,0,19,7,4.75,0,0,0
2,4,0,16,5,4,0,0,0
1,1,1,15,15*,-,0,0,0
1,2,0,12,10,6,0,0,0
1,2,0,12,10,6,0,0,0
1,1,0,11,11,11,0,0,0
1,2,0,11,11,5.5,0,0,1
1,1,0,9,9,9,0,0,0
1,1,0,8,8,8,0,0,0
1,2,0,7,7,3.5,0,0,1
1,1,0,6,6,6,0,0,0
2,2,0,6,6,3,0,0,1
1,2,0,6,5,3,0,0,0
1,1,0,5,5,5,0,0,0
1,1,0,5,5,5,0,0,0
1,1,0,4,4,4,0,0,0
1,1,0,3,3,3,0,0,0
1,2,0,3,3,1.5,0,0,1
1,2,1,3,2,3,0,0,0
2,3,1,3,2*,1.5,0,0,1
1,1,0,2,2,2,0,0,0
1,1,0,1,1,1,0,0,0
1,1,0,1,1,1,0,0,0
1,1,0,1,1,1,0,0,0
2,2,0,1,1,0.5,0,0,1
1,2,0,1,1,0.5,0,0,1
1,1,0,0,0,0,0,0,1
1,2,0,0,0,0,0,0,2
1,2,0,0,0,0,0,0,2
3,6,0,223,74,37.16,0,1,0
2,4,0,124,61,31,0,1,0
2,4,0,112,79,28,0,1,0
2,4,0,96,56,24,0,1,0
2,4,0,91,41,22.75,0,0,0
3,5,0,81,33,16.2,0,0,0
2,3,1,79,73*,39.5,0,1,1
2,4,0,46,24,11.5,0,0,1
3,5,0,46,22,9.2,0,0,2
3,5,0,44,19,8.8,0,0,0
1,1,0,43,43,43,0,0,0
2,4,0,38,25,9.5,0,0,1
2,4,0,36,16,9,0,0,0
1,1,0,32,32,32,0,0,0
2,4,1,29,18*,9.66,0,0,0
1,2,0,28,24,14,0,0,0
2,4,1,28,19,9.33,0,0,0
1,2,0,24,18,12,0,0,0
1,1,0,23,23,23,0,0,0
2,4,2,22,13*,11,0,0,1
1,2,0,20,15,10,0,0,0
1,2,0,17,12,8.5,0,0,0
1,1,0,14,14,14,0,0,0
1,2,0,14,8,7,0,0,0
2,4,0,13,5,3.25,0,0,1
1,2,0,11,7,5.5,0,0,0
2,4,2,11,10,5.5,0,0,0
1,2,1,8,7,8,0,0,0
1,2,0,8,6,4,0,0,0
1,2,1,7,7,7,0,0,0
1,2,0,6,4,3,0,0,0
1,2,1,6,6,6,0,0,0
1,2,0,5,5,2.5,0,0,1
1,1,0,4,4,4,0,0,0
1,2,0,3,2,1.5,0,0,0
1,2,0,3,2,1.5,0,0,0
1,2,0,3,3,1.5,0,0,1
2,4,1,3,3,1,0,0,2
1,2,0,2,2,1,0,0,1
1,1,0,1,1,1,0,0,0
1,1,0,1,1,1,0,0,0
1,2,0,1,1,0.5,0,0,1
1,1,0,0,0,0,0,0,1
1,2,0,0,0,0,0,0,2
1,2,0,82,69,41,0,1,0
1,2,0,61,38,30.5,0,0,0
1,2,0,38,34,19,0,0,0
1,1,0,24,24,24,0,0,0
1,1,0,24,24,24,0,0,0
1,1,0,18,18,18,0,0,0
1,1,0,13,13,13,0,0,0
1,1,1,11,11*,-,0,0,0
1,1,0,8,8,8,0,0,0
1,1,0,6,6,6,0,0,0
1,1,1,5,5*,-,0,0,0
1,1,0,2,2,2,0,0,0
1,1,0,2,2,2,0,0,0
1,1,0,2,2,2,0,0,0
1,1,0,1,1,1,0,0,0
1,1,0,0,0,0,0,0,1
1,1,0,0,0,0,0,0,1
1,1,0,0,0,0,0,0,1
1,1,0,0,0,0,0,0,1
1,1,0,0,0,0,0,0,1
1,1,0,0,0,0,0,0,1
1,2,1,0,0*,0,0,0,1
5,8,0,258,94,32.25,0,2,0
5,9,1,158,59,19.75,0,1,0
4,7,0,154,66,22,0,1,0
5,8,1,97,49,13.85,0,0,1
4,6,1,93,48*,18.6,0,0,2
4,7,1,82,22,13.66,0,0,1
3,5,0,77,33,15.4,0,0,0
5,10,2,76,23*,9.5,0,0,1
5,10,1,75,25,8.33,0,0,1
3,4,1,58,31*,19.33,0,0,2
1,2,1,57,47*,57,0,0,0
4,8,0,57,34,7.12,0,0,0
3,5,0,55,35,11,0,0,1
3,5,0,52,42,10.4,0,0,1
3,6,0,51,22,8.5,0,0,0
2,4,0,50,44,12.5,0,0,2
3,5,0,48,28,9.6,0,0,1
3,6,0,47,15,7.83,0,0,1
2,3,0,46,27,15.33,0,0,0
2,4,0,42,29,10.5,0,0,1
1,2,1,41,34,41,0,0,0
1,2,1,29,23*,29,0,0,0
2,4,1,28,15,9.33,0,0,0
2,4,1,28,14,9.33,0,0,0
3,5,0,25,10,5,0,0,1
2,4,0,23,14,5.75,0,0,0
1,2,0,21,14,10.5,0,0,0
2,3,0,20,10,6.66,0,0,1
2,3,2,19,14*,19,0,0,0
2,4,0,15,9,3.75,0,0,1
2,4,0,14,9,3.5,0,0,1
1,2,1,13,12*,13,0,0,0
1,1,0,8,8,8,0,0,0
1,2,1,7,7*,7,0,0,1
1,2,0,7,7,3.5,0,0,1
1,1,0,6,6,6,0,0,0
1,1,0,5,5,5,0,0,0
1,1,0,5,5,5,0,0,0
1,1,0,4,4,4,0,0,0
1,1,0,4,4,4,0,0,0
1,2,0,4,2,2,0,0,0
1,2,1,4,3*,4,0,0,0
1,2,0,4,3,2,0,0,0
1,1,0,3,3,3,0,0,0
1,2,1,3,3*,3,0,0,1
1,2,0,2,1,1,0,0,0
1,2,2,2,1*,-,0,0,0
1,2,0,2,2,1,0,0,1
1,1,1,1,1*,-,0,0,0
6,11,3,468,129*,58.5,2,1,1
6,10,1,282,93,31.33,0,2,0
6,11,1,126,34,12.6,0,0,1
6,11,0,106,42,9.63,0,0,2
6,10,0,103,43,10.3,0,0,2
6,11,1,99,36,9.9,0,0,1
6,10,0,97,41,9.7,0,0,2
3,6,2,88,44*,22,0,0,0
6,10,0,86,32,8.6,0,0,1
6,10,2,82,20*,10.25,0,0,1
6,11,0,82,38,7.45,0,0,3
6,11,0,75,21,6.81,0,0,1
5,8,3,72,27*,14.4,0,0,1
4,7,1,61,36,10.16,0,0,2
5,10,2,50,28,6.25,0,0,4
4,6,1,45,14,9,0,0,1
4,7,0,45,27,6.42,0,0,2
5,8,0,36,15,4.5,0,0,2
3,6,0,31,16,5.16,0,0,1
1,2,0,28,19,14,0,0,0
2,4,0,24,24,6,0,0,3
1,2,0,22,16,11,0,0,0
4,8,3,22,13,4.4,0,0,3
2,4,0,17,16,4.25,0,0,2
4,6,1,17,12,3.4,0,0,2
1,2,1,15,12,15,0,0,0
1,2,0,15,9,7.5,0,0,0
2,4,1,14,6,4.66,0,0,1
5,7,3,10,5,2.5,0,0,2
1,2,0,8,8,4,0,0,1
1,2,0,6,6,3,0,0,1
1,2,1,5,5,5,0,0,0
1,2,0,4,2,2,0,0,0
1,2,0,2,2,1,0,0,1
2,4,0,2,2,0.5,0,0,3
1,1,1,1,1*,-,0,0,0
1,2,0,1,1,0.5,0,0,1
1,2,0,1,1,0.5,0,0,1
2,2,1,1,1*,1,0,0,1
1,2,0,1,1,0.5,0,0,1
1,2,0,0,0,0,0,0,2
7,12,0,276,64,23,0,2,1
7,13,0,265,58,20.38,0,1,1
7,13,1,239,86,19.91,0,1,0
7,12,1,208,53,18.9,0,1,1
7,14,2,204,49*,17,0,0,1
7,14,0,170,30,12.14,0,0,1
7,13,0,169,39,13,0,0,2
6,11,2,116,45,12.88,0,0,2
7,12,2,116,49,11.6,0,0,2
5,9,2,108,27,15.42,0,0,1
6,11,2,100,22,11.11,0,0,1
5,10,2,93,27,11.62,0,0,1
7,13,1,64,25,5.33,0,0,5
7,13,3,59,13,5.9,0,0,0
6,11,0,50,14,4.54,0,0,2
4,8,1,38,10,5.42,0,0,1
6,11,0,38,18,3.45,0,0,5
5,9,0,33,13,3.66,0,0,3
2,3,0,32,16,10.66,0,0,0
5,10,2,32,10,4,0,0,3
5,9,1,30,8,3.75,0,0,1
2,4,0,24,7,6,0,0,0
2,3,0,15,8,5,0,0,0
2,4,0,14,9,3.5,0,0,1
1,2,0,13,13,6.5,0,0,1
1,2,1,10,6*,10,0,0,0
3,5,0,9,5,1.8,0,0,1
2,4,1,8,4,2.66,0,0,0
1,2,1,7,6*,7,0,0,0
1,2,0,7,7,3.5,0,0,1
1,2,0,6,3,3,0,0,0
1,2,0,6,3,3,0,0,0
1,2,0,6,6,3,0,0,1
2,3,1,6,4,3,0,0,0
2,3,1,6,4,3,0,0,1
1,2,1,5,3,5,0,0,0
1,2,2,4,3*,-,0,0,0
1,2,0,3,3,1.5,0,0,1
1,2,0,3,2,1.5,0,0,0
1,1,0,1,1,1,0,0,0
1,1,0,1,1,1,0,0,0
1,1,0,0,0,0,0,0,1
6,11,2,355,110,39.44,1,2,1
6,11,2,300,79*,33.33,0,3,1
6,11,1,292,53,29.2,0,1,1
6,10,0,277,108,27.7,1,0,0
6,11,1,248,60*,24.8,0,1,0
6,12,0,185,37,15.41,0,0,2
6,12,1,153,37,13.9,0,0,0
6,11,3,146,25,18.25,0,0,2
6,12,2,120,56,12,0,1,1
6,12,1,112,36*,10.18,0,0,1
4,8,1,108,39,15.42,0,0,2
5,10,1,103,32,11.44,0,0,2
6,10,3,88,32,12.57,0,0,0
6,11,0,84,22,7.63,0,0,1
7,11,2,63,17,7,0,0,1
4,8,1,61,18,8.71,0,0,1
1,2,1,60,40,60,0,0,0
6,11,0,49,13,4.45,0,0,2
3,5,0,39,19,7.8,0,0,0
2,4,1,36,14*,12,0,0,0
2,4,0,35,18,8.75,0,0,0
2,4,0,28,20,7,0,0,1
1,2,0,26,23,13,0,0,0
2,4,0,24,12,6,0,0,0
2,4,0,21,20,5.25,0,0,2
4,7,0,20,8,2.85,0,0,1
1,2,0,19,11,9.5,0,0,0
2,4,0,18,11,4.5,0,0,1
1,2,1,17,17*,17,0,0,1
2,3,0,17,12,5.66,0,0,1
2,3,0,17,8,5.66,0,0,0
2,4,0,15,13,3.75,0,0,2
1,2,0,14,7,7,0,0,0
1,2,0,12,10,6,0,0,0
2,3,0,10,9,3.33,0,0,1
3,5,0,10,5,2,0,0,1
1,2,0,9,6,4.5,0,0,0
1,2,0,9,7,4.5,0,0,0
1,2,0,8,8,4,0,0,1
1,2,0,7,4,3.5,0,0,0
2,3,0,7,6,2.33,0,0,1
1,2,0,5,4,2.5,0,0,0
1,2,1,5,4,5,0,0,0
1,2,0,4,3,2,0,0,0
2,4,0,4,3,1,0,0,2
3,6,0,4,4,0.66,0,0,5
2,4,1,3,2*,1,0,0,2
1,2,1,2,2*,2,0,0,1
5,10,0,379,100,37.9,1,3,0
4,8,0,229,76,28.62,0,1,1
4,8,1,174,49,24.85,0,0,1
4,8,1,172,68,24.57,0,1,0
6,12,1,171,58*,15.54,0,1,2
4,7,0,161,86,23,0,1,1
4,8,0,138,62,17.25,0,1,2
4,8,1,127,72,18.14,0,1,1
5,10,3,123,42*,17.57,0,0,2
4,8,1,103,22,14.71,0,0,1
4,8,0,94,32,11.75,0,0,2
4,7,0,93,32,13.28,0,0,1
5,10,1,72,15,8,0,0,0
4,8,0,66,17,8.25,0,0,0
3,6,3,63,32*,21,0,0,1
5,10,1,63,24,7,0,0,2
3,6,1,53,30,10.6,0,0,2
2,4,1,52,26,17.33,0,0,0
4,8,0,51,14,6.37,0,0,0
3,6,0,45,13,7.5,0,0,0
4,8,0,45,17,5.62,0,0,1
1,2,0,39,30,19.5,0,0,0
2,3,1,33,19*,16.5,0,0,0
2,4,0,32,13,8,0,0,0
3,6,0,27,9,4.5,0,0,1
3,6,0,23,12,3.83,0,0,2
1,2,0,20,16,10,0,0,0
1,2,0,16,13,8,0,0,0
3,6,1,15,6,3,0,0,2
1,2,0,11,10,5.5,0,0,0
2,4,0,11,4,2.75,0,0,1
2,3,0,10,5,3.33,0,0,1
1,2,0,9,7,4.5,0,0,0
1,2,0,9,5,4.5,0,0,0
1,2,0,8,8,4,0,0,1
1,2,1,8,7*,8,0,0,0
1,2,0,7,5,3.5,0,0,0
1,2,0,7,5,3.5,0,0,0
2,4,1,7,3,2.33,0,0,1
1,2,0,6,6,3,0,0,1
1,2,0,6,6,3,0,0,1
1,2,0,6,5,3,0,0,0
1,2,0,5,3,2.5,0,0,0
1,2,0,5,5,2.5,0,0,1
1,1,1,4,4*,-,0,0,0
1,1,0,4,4,4,0,0,0
3,5,1,4,3,1,0,0,2
2,2,1,3,3,3,0,0,0
1,2,1,2,1*,2,0,0,0
1,2,0,2,1,1,0,0,0
8,15,1,464,114,33.14,1,2,0
8,15,1,333,61,23.78,0,3,0
8,15,1,300,54,21.42,0,1,0
8,16,1,194,36,12.93,0,0,1
8,13,2,187,50*,17,0,1,2
8,14,1,185,48,14.23,0,0,2
8,15,1,161,36*,11.5,0,0,3
5,10,1,160,54*,17.77,0,1,0
6,11,1,150,51,15,0,1,1
7,13,0,147,47,11.3,0,0,0
4,8,0,145,60,18.12,0,1,1
8,15,3,126,28,10.5,0,0,2
4,8,2,81,21,13.5,0,0,1
5,9,3,81,24,13.5,0,0,1
7,12,1,62,22*,5.63,0,0,3
5,9,1,53,18,6.62,0,0,2
4,8,0,46,16,5.75,0,0,2
3,6,1,45,22,9,0,0,1
4,7,0,42,14,6,0,0,1
3,5,0,39,21,7.8,0,0,0
1,2,0,33,28,16.5,0,0,0
4,7,1,30,15,5,0,0,2
2,4,0,29,18,7.25,0,0,0
1,2,0,28,19,14,0,0,0
4,6,0,28,16,4.66,0,0,3
2,4,2,24,19,12,0,0,1
7,12,2,24,5,2.4,0,0,5
2,4,2,21,12*,10.5,0,0,0
1,2,0,16,10,8,0,0,0
2,4,0,16,14,4,0,0,1
2,4,1,14,9*,4.66,0,0,2
2,4,1,14,6,4.66,0,0,1
1,2,0,11,11,5.5,0,0,1
1,2,1,10,10,10,0,0,0
1,2,0,9,7,4.5,0,0,0
2,4,1,9,4,3,0,0,1
2,3,0,8,6,2.66,0,0,1
2,4,1,8,7*,2.66,0,0,2
2,4,2,8,3*,4,0,0,0
1,2,0,5,5,2.5,0,0,1
1,2,0,5,5,2.5,0,0,1
1,2,0,4,4,2,0,0,1
1,2,0,4,2,2,0,0,0
2,3,1,4,2*,2,0,0,1
1,2,0,2,2,1,0,0,1
1,2,1,2,2,2,0,0,0
1,2,0,1,1,0.5,0,0,1
7,11,1,396,132*,39.6,1,1,1
7,12,0,324,90,27,0,3,2
7,14,2,291,62,24.25,0,2,0
7,12,0,205,44,17.08,0,0,1
6,12,1,179,47,16.27,0,0,1
7,14,2,165,42,13.75,0,0,0
6,12,1,138,41,12.54,0,0,3
7,13,2,134,31,12.18,0,0,3
6,10,0,127,39,12.7,0,0,1
4,6,1,125,29,25,0,0,0
5,9,0,120,52,13.33,0,1,3
6,12,0,111,38,9.25,0,0,1
7,13,0,96,19,7.38,0,0,4
5,8,0,93,32,11.62,0,0,1
5,9,1,88,29,11,0,0,2
2,3,1,59,45*,29.5,0,0,0
4,8,2,49,15,8.16,0,0,1
5,9,3,49,14*,8.16,0,0,3
4,7,2,42,17,8.4,0,0,1
2,4,0,33,27,8.25,0,0,1
3,6,0,33,12,5.5,0,0,1
5,8,0,27,6,3.37,0,0,0
3,5,1,17,10,4.25,0,0,2
1,1,0,15,15,15,0,0,0
3,5,2,12,5*,4,0,0,1
1,1,0,11,11,11,0,0,0
2,3,1,11,5*,5.5,0,0,0
2,4,1,11,11*,3.66,0,0,3
1,1,1,10,10*,-,0,0,0
1,1,0,9,9,9,0,0,0
1,2,0,9,9,4.5,0,0,1
1,2,1,8,8*,8,0,0,1
1,2,1,7,7,7,0,0,0
2,3,0,6,3,2,0,0,1
2,4,0,6,5,1.5,0,0,2
3,5,2,6,3*,2,0,0,1
1,2,1,4,4*,4,0,0,1
1,2,0,4,4,2,0,0,1
1,2,1,4,4*,4,0,0,1
1,2,0,4,4,2,0,0,1
1,2,2,3,3*,-,0,0,0
1,2,0,3,3,1.5,0,0,1
1,1,0,2,2,2,0,0,0
1,2,0,2,2,1,0,0,1
1,2,1,1,1,1,0,0,0
1,2,0,1,1,0.5,0,0,1
1,1,0,0,0,0,0,0,1
1,1,0,0,0,0,0,0,1
1,1,0,0,0,0,0,0,1
1,2,0,51,42,25.5,0,0,0
1,2,1,47,31,47,0,0,0
1,2,0,40,28,20,0,0,0
1,2,1,40,38,40,0,0,0
1,1,0,32,32,32,0,0,0
1,1,0,28,28,28,0,0,0
1,2,0,24,24,12,0,0,1
1,2,0,20,20,10,0,0,1
1,2,1,19,16*,19,0,0,0
1,2,0,16,16,8,0,0,1
1,2,0,11,7,5.5,0,0,0
1,2,0,10,9,5,0,0,0
1,2,0,10,10,5,0,0,1
1,1,0,8,8,8,0,0,0
1,2,1,8,8*,8,0,0,1
1,2,0,8,7,4,0,0,0
1,1,0,7,7,7,0,0,0
1,1,0,6,6,6,0,0,0
1,2,1,6,4,6,0,0,0
1,1,0,5,5,5,0,0,0
1,1,0,0,0,0,0,0,1
1,2,0,0,0,0,0,0,2
1,2,0,87,86,43.5,0,1,0
1,2,0,59,33,29.5,0,0,0
1,2,0,34,32,17,0,0,0
1,2,1,34,21*,34,0,0,0
1,2,0,30,26,15,0,0,0
1,2,0,25,25,12.5,0,0,1
1,2,0,25,22,12.5,0,0,0
1,2,0,19,12,9.5,0,0,0
1,2,0,19,13,9.5,0,0,0
1,2,0,17,13,8.5,0,0,0
1,2,0,14,14,7,0,0,1
1,2,0,12,12,6,0,0,1
1,2,0,12,12,6,0,0,1
1,2,1,10,10,10,0,0,0
1,2,0,10,6,5,0,0,0
1,2,1,8,7*,8,0,0,0
1,1,0,7,7,7,0,0,0
1,1,0,5,5,5,0,0,0
1,2,0,4,4,2,0,0,1
1,1,0,2,2,2,0,0,0
1,1,1,2,2*,-,0,0,0
1,2,0,1,1,0.5,0,0,1
1,2,1,78,58*,78,0,1,0
1,2,0,48,26,24,0,0,0
1,2,0,45,44,22.5,0,0,0
1,2,0,44,30,22,0,0,0
1,2,0,31,23,15.5,0,0,0
1,2,0,26,24,13,0,0,0
1,2,0,23,13,11.5,0,0,0
1,2,0,16,16,8,0,0,1
1,2,0,14,8,7,0,0,0
1,2,0,14,14,7,0,0,1
1,2,0,14,14,7,0,0,1
1,2,1,11,9*,11,0,0,0
1,2,0,11,7,5.5,0,0,0
1,2,0,8,6,4,0,0,0
1,2,0,7,6,3.5,0,0,0
1,2,1,6,4*,6,0,0,0
1,2,0,6,6,3,0,0,1
1,2,1,4,4,4,0,0,0
1,2,0,3,3,1.5,0,0,1
1,1,0,2,2,2,0,0,0
1,1,0,0,0,0,0,0,1
1,2,0,0,0,0,0,0,2
3,6,1,126,59*,25.2,0,1,0
3,6,0,122,50,20.33,0,1,0
3,6,0,117,45,19.5,0,0,0
3,6,0,95,33,15.83,0,0,0
2,4,0,66,30,16.5,0,0,0
2,4,0,59,35,14.75,0,0,1
3,6,0,56,29,9.33,0,0,1
3,6,0,46,26,7.66,0,0,2
2,4,0,45,17,11.25,0,0,0
1,2,0,39,26,19.5,0,0,0
2,4,0,31,21,7.75,0,0,1
3,6,0,30,15,5,0,0,2
1,2,0,28,22,14,0,0,0
3,6,1,26,8,5.2,0,0,0
1,2,1,25,13,25,0,0,0
2,4,1,25,17,8.33,0,0,0
1,2,0,15,13,7.5,0,0,0
1,2,0,14,8,7,0,0,0
1,2,0,14,10,7,0,0,0
1,2,1,14,10*,14,0,0,0
2,3,0,12,6,4,0,0,1
1,2,1,11,7*,11,0,0,0
1,2,0,8,6,4,0,0,0
1,2,1,6,4*,6,0,0,0
1,2,0,4,4,2,0,0,1
2,3,1,4,4,2,0,0,1
1,1,0,3,3,3,0,0,0
1,2,0,3,2,1.5,0,0,0
1,2,0,3,2,1.5,0,0,0
1,2,1,3,3,3,0,0,0
3,6,0,3,1,0.5,0,0,3
1,2,1,2,2,2,0,0,0
1,2,0,2,2,1,0,0,1
1,2,0,2,2,1,0,0,1
1,2,1,1,1,1,0,0,0
1,1,0,0,0,0,0,0,1
1,1,0,0,0,0,0,0,1
1,1,0,0,0,0,0,0,1
1,1,0,0,0,0,0,0,1
1,2,1,0,0*,0,0,0,1
1,2,1,0,0*,0,0,0,1
1,2,0,0,0,0,0,0,2
4,7,0,172,50,24.57,0,1,0
3,6,0,169,73,28.16,0,2,1
2,4,0,136,60,34,0,1,0
5,10,1,128,57,14.22,0,1,1
3,5,0,127,116,25.4,1,0,1
3,5,2,122,107,40.66,1,0,2
5,9,2,111,53*,15.85,0,1,1
3,6,0,88,28,14.66,0,0,1
2,3,1,71,70,35.5,0,1,0
3,5,0,64,36,12.8,0,0,0
4,8,0,64,42,8,0,0,3
3,5,1,57,38,14.25,0,0,1
4,8,3,48,23*,9.6,0,0,3
1,2,0,46,34,23,0,0,0
2,3,0,44,44,14.66,0,0,2
1,2,0,43,39,21.5,0,0,0
4,6,0,43,25,7.16,0,0,1
4,7,1,41,17,6.83,0,0,2
4,7,0,40,18,5.71,0,0,2
2,3,2,39,21,39,0,0,0
2,3,0,37,17,12.33,0,0,0
3,6,2,36,23*,9,0,0,1
1,2,0,31,30,15.5,0,0,0
1,2,0,30,29,15,0,0,0
2,4,1,30,14,10,0,0,0
1,2,0,28,17,14,0,0,0
1,1,0,24,24,24,0,0,0
3,5,1,22,15,5.5,0,0,1
1,2,0,21,12,10.5,0,0,0
3,5,1,21,10*,5.25,0,0,2
3,5,1,21,11,5.25,0,0,1
1,2,0,20,20,10,0,0,1
3,6,0,19,8,3.16,0,0,1
1,1,0,17,17,17,0,0,0
1,2,0,17,14,8.5,0,0,0
1,2,0,17,13,8.5,0,0,0
1,2,2,15,12*,-,0,0,0
1,2,0,15,12,7.5,0,0,0
1,2,0,14,7,7,0,0,0
2,3,0,14,9,4.66,0,0,0
3,6,0,13,6,2.16,0,0,1
1,2,1,11,11*,11,0,0,1
1,2,0,11,9,5.5,0,0,0
1,2,1,10,9,10,0,0,0
1,2,0,10,10,5,0,0,1
1,2,0,10,8,5,0,0,0
1,2,0,9,8,4.5,0,0,0
2,4,0,9,5,2.25,0,0,1
2,4,0,9,5,2.25,0,0,2
2,4,1,8,5,2.66,0,0,1
5,7,0,363,74,51.85,0,4,0
8,15,1,338,112,24.14,1,1,3
8,16,1,308,72,20.53,0,1,2
5,9,1,300,105,37.5,1,1,0
5,8,0,186,96,23.25,0,1,0
7,13,1,126,28,10.5,0,0,2
4,8,1,121,36,17.28,0,0,1
3,6,2,119,50,29.75,0,1,0
4,8,1,116,38,16.57,0,0,1
5,9,1,115,25,14.37,0,0,0
7,14,0,112,24,8,0,0,1
5,10,1,107,32,11.88,0,0,0
3,5,2,96,35*,32,0,0,0
4,7,2,81,31,16.2,0,0,1
2,3,1,80,44,40,0,0,0
2,4,2,79,36*,39.5,0,0,0
4,8,0,79,25,9.87,0,0,1
6,11,2,74,24,8.22,0,0,1
3,6,0,63,38,10.5,0,0,0
3,5,0,57,26,11.4,0,0,0
2,2,0,52,27,26,0,0,0
6,10,1,52,12,5.77,0,0,0
3,5,1,46,27,11.5,0,0,1
3,5,0,44,23,8.8,0,0,2
2,4,0,43,17,10.75,0,0,0
1,1,0,40,40,40,0,0,0
3,5,1,39,19,9.75,0,0,0
2,4,2,37,23*,18.5,0,0,0
3,5,1,34,22,8.5,0,0,0
3,4,0,30,14,7.5,0,0,1
3,5,1,29,13*,7.25,0,0,0
1,2,0,28,17,14,0,0,0
3,6,0,28,11,4.66,0,0,2
1,1,1,26,26*,-,0,0,0
1,2,0,24,19,12,0,0,0
1,1,0,22,22,22,0,0,0
1,2,0,22,18,11,0,0,0
2,4,0,19,11,4.75,0,0,1
1,2,0,18,10,9,0,0,0
1,2,0,17,15,8.5,0,0,0
1,2,1,16,9,16,0,0,0
1,2,0,14,13,7,0,0,0
2,4,0,14,9,3.5,0,0,2
1,2,0,13,10,6.5,0,0,0
2,4,1,13,9,4.33,0,0,1
2,2,0,11,11,5.5,0,0,1
1,2,0,10,6,5,0,0,0
3,5,0,9,9,1.8,0,0,4
1,1,0,8,8,8,0,0,0
3,4,1,8,3,2.66,0,0,1
4,8,1,445,157,63.57,2,1,0
5,10,2,346,78*,43.25,0,4,0
7,14,1,305,54*,23.46,0,1,1
5,10,1,274,106,30.44,1,1,0
5,9,0,198,49,22,0,0,0
4,8,1,190,82,27.14,0,1,0
6,11,1,174,68,17.4,0,1,2
3,6,0,171,43,28.5,0,0,0
3,6,1,135,54*,27,0,1,1
3,6,0,134,88,22.33,0,1,0
4,8,1,122,37,17.42,0,0,0
3,6,0,118,52,19.66,0,1,1
4,7,0,98,35,14,0,0,0
1,2,1,95,63*,95,0,1,0
5,10,1,78,41*,8.66,0,0,3
2,4,0,77,39,19.25,0,0,0
2,4,0,77,37,19.25,0,0,1
1,2,0,75,61,37.5,0,1,0
5,10,4,70,31,11.66,0,0,1
2,4,0,64,38,16,0,0,0
1,2,0,61,59,30.5,0,1,0
1,2,0,57,45,28.5,0,0,0
2,4,0,52,27,13,0,0,0
1,2,0,50,36,25,0,0,0
2,4,0,49,25,12.25,0,0,0
4,8,3,47,15*,9.4,0,0,2
1,2,1,44,35,44,0,0,0
1,2,0,44,35,22,0,0,0
2,3,0,38,21,12.66,0,0,0
1,2,1,37,35*,37,0,0,0
2,4,0,35,25,8.75,0,0,2
1,2,0,32,28,16,0,0,0
2,3,0,31,15,10.33,0,0,0
1,2,0,29,27,14.5,0,0,0
1,2,0,28,15,14,0,0,0
2,4,0,28,10,7,0,0,0
1,2,0,27,15,13.5,0,0,0
1,2,0,26,26,13,0,0,1
2,3,0,23,17,7.66,0,0,1
2,4,0,23,12,5.75,0,0,2
2,4,1,22,7*,7.33,0,0,0
1,2,0,21,21,10.5,0,0,1
1,2,0,20,20,10,0,0,1
2,4,0,20,7,5,0,0,0
2,4,1,18,7,6,0,0,1
2,4,1,16,11*,5.33,0,0,1
2,4,1,15,12,5,0,0,2
3,5,0,15,6,3,0,0,1
2,4,0,103,49,25.75,0,0,0
2,4,1,95,54*,31.66,0,1,0
2,3,1,94,67*,47,0,1,0
3,6,0,85,21,14.16,0,0,0
3,5,1,78,54*,19.5,0,1,1
2,4,1,74,56*,24.66,0,1,1
2,4,0,61,33,15.25,0,0,0
1,2,1,58,44*,58,0,0,0
2,3,0,58,22,19.33,0,0,0
2,4,0,44,21,11,0,0,1
3,4,0,34,21,8.5,0,0,0
2,4,0,29,14,7.25,0,0,0
1,2,0,28,18,14,0,0,0
1,2,0,25,18,12.5,0,0,0
2,4,0,24,23,6,0,0,2
1,2,0,22,12,11,0,0,0
3,6,0,22,8,3.66,0,0,1
2,4,0,16,9,4,0,0,2
1,2,0,14,13,7,0,0,0
2,4,0,14,9,3.5,0,0,1
1,2,0,13,12,6.5,0,0,0
2,4,0,13,4,3.25,0,0,0
1,2,1,12,6*,12,0,0,0
1,2,1,11,9,11,0,0,0
1,2,1,9,5,9,0,0,0
1,2,0,9,5,4.5,0,0,0
1,2,0,9,5,4.5,0,0,0
1,2,2,9,9*,-,0,0,0
1,2,1,8,8*,8,0,0,1
1,1,0,7,7,7,0,0,0
1,2,0,7,7,3.5,0,0,1
2,4,0,7,6,1.75,0,0,2
1,2,0,5,4,2.5,0,0,0
2,3,1,5,3,2.5,0,0,0
3,4,0,3,2,0.75,0,0,2
1,1,0,2,2,2,0,0,0
2,3,1,2,1*,1,0,0,1
1,2,0,1,1,0.5,0,0,1
1,2,0,1,1,0.5,0,0,1
1,2,1,1,1,1,0,0,0
1,1,0,0,0,0,0,0,1
3,6,2,170,75,42.5,0,1,1
4,5,0,168,79,33.6,0,2,1
4,8,1,154,88*,22,0,1,0
4,6,1,108,44*,21.6,0,0,0
4,7,0,108,32,15.42,0,0,0
3,5,0,83,56,16.6,0,1,0
3,3,0,80,62,26.66,0,1,0
3,5,2,80,52,26.66,0,1,0
3,6,0,79,28,13.16,0,0,0
3,6,0,70,53,11.66,0,1,2
3,6,0,58,27,9.66,0,0,1
2,3,0,45,30,15,0,0,1
1,2,0,43,36,21.5,0,0,0
1,2,0,40,29,20,0,0,0
1,2,0,38,23,19,0,0,0
1,2,1,37,33*,37,0,0,0
3,5,0,36,13,7.2,0,0,1
3,5,1,35,17,8.75,0,0,0
1,2,0,33,28,16.5,0,0,0
2,4,1,32,15,10.66,0,0,1
3,5,1,32,16,8,0,0,2
2,4,0,31,26,7.75,0,0,1
1,2,0,30,26,15,0,0,0
1,2,0,29,24,14.5,0,0,0
1,2,0,28,19,14,0,0,0
1,2,0,26,20,13,0,0,0
1,2,0,26,22,13,0,0,0
2,4,0,22,7,5.5,0,0,0
1,2,0,20,11,10,0,0,0
1,2,0,19,15,9.5,0,0,0
1,2,0,19,11,9.5,0,0,0
1,2,0,19,19,9.5,0,0,1
1,2,0,18,14,9,0,0,0
2,4,0,18,10,4.5,0,0,1
3,5,2,18,10,6,0,0,0
1,2,0,17,17,8.5,0,0,1
1,2,0,16,12,8,0,0,0
1,2,0,16,8,8,0,0,0
1,2,0,14,12,7,0,0,0
1,2,0,14,7,7,0,0,0
2,4,1,14,7,4.66,0,0,1
1,2,0,13,12,6.5,0,0,0
1,2,1,13,13*,13,0,0,1
1,1,0,11,11,11,0,0,0
1,2,0,11,6,5.5,0,0,0
1,2,0,11,11,5.5,0,0,1
1,2,2,10,10*,-,0,0,0
1,2,0,10,10,5,0,0,1
3,4,1,10,6,3.33,0,0,1
1,1,0,9,9,9,0,0,0
3,6,0,361,278,60.16,1,0,0
2,4,0,133,111,33.25,1,0,0
3,6,1,125,56,25,0,2,1
2,4,1,99,33,33,0,0,0
2,4,1,94,82*,31.33,0,1,1
2,4,0,76,38,19,0,0,0
2,4,0,74,36,18.5,0,0,1
2,4,0,73,38,18.25,0,0,0
2,4,0,72,27,18,0,0,0
2,4,1,71,30*,23.66,0,0,1
1,2,0,57,52,28.5,0,1,0
2,4,1,55,45,18.33,0,0,1
2,4,0,52,29,13,0,0,1
2,4,2,50,28*,25,0,0,1
2,4,1,48,27,16,0,0,0
2,4,0,48,27,12,0,0,1
2,3,0,47,41,15.66,0,0,1
2,3,0,46,34,15.33,0,0,0
3,6,0,45,15,7.5,0,0,1
2,4,0,42,33,10.5,0,0,0
2,4,0,41,22,10.25,0,0,2
2,3,0,33,19,11,0,0,0
2,4,1,32,24*,10.66,0,0,0
2,4,1,32,23*,10.66,0,0,1
2,3,0,31,11,10.33,0,0,0
1,2,1,29,17*,29,0,0,0
1,2,1,28,28,28,0,0,0
1,2,0,25,21,12.5,0,0,0
2,4,1,25,15*,8.33,0,0,0
1,2,1,24,22,24,0,0,0
2,4,0,24,15,6,0,0,2
1,2,0,23,19,11.5,0,0,0
3,6,0,23,9,3.83,0,0,1
1,2,0,22,15,11,0,0,0
2,3,0,21,18,7,0,0,1
1,2,0,20,20,10,0,0,1
2,4,0,20,16,5,0,0,1
2,3,0,18,8,6,0,0,0
1,2,1,17,9*,17,0,0,0
2,3,0,16,13,5.33,0,0,1
2,4,0,16,12,4,0,0,1
1,2,0,15,9,7.5,0,0,0
2,3,0,14,5,4.66,0,0,0
2,4,1,14,11,4.66,0,0,0
1,2,0,13,10,6.5,0,0,0
2,3,0,13,11,4.33,0,0,1
1,2,0,9,8,4.5,0,0,0
1,2,0,9,9,4.5,0,0,1
1,2,0,8,7,4,0,0,0
2,3,1,181,113*,90.5,1,0,0
2,3,0,157,89,52.33,0,2,0
4,7,1,152,43,25.33,0,0,0
3,5,1,138,71,34.5,0,1,0
4,7,1,122,43,20.33,0,0,1
3,5,1,113,32*,28.25,0,0,0
1,2,1,98,97*,98,0,1,0
3,5,0,98,45,19.6,0,0,0
1,2,1,79,63,79,0,1,0
4,7,1,75,17,12.5,0,0,0
3,5,1,66,23*,16.5,0,0,1
4,6,0,59,21,9.83,0,0,1
1,2,0,57,55,28.5,0,1,0
1,2,0,54,54,27,0,1,1
1,2,0,51,41,25.5,0,0,0
3,5,0,51,22,10.2,0,0,1
2,4,0,46,24,11.5,0,0,0
2,4,1,45,22,15,0,0,1
1,2,0,40,25,20,0,0,0
1,2,0,40,36,20,0,0,0
2,2,0,39,39,19.5,0,0,1
1,2,0,35,34,17.5,0,0,0
2,4,0,35,13,8.75,0,0,0
2,4,0,35,16,8.75,0,0,0
2,3,0,34,26,11.33,0,0,0
1,2,0,33,20,16.5,0,0,0
1,2,0,28,20,14,0,0,0
1,2,0,28,17,14,0,0,0
3,6,2,28,8,7,0,0,0
2,3,0,26,16,8.66,0,0,1
2,4,0,24,15,6,0,0,1
2,4,0,24,13,6,0,0,1
1,1,0,21,21,21,0,0,0
1,2,0,21,21,10.5,0,0,1
1,2,0,21,17,10.5,0,0,0
2,4,1,21,20,7,0,0,1
4,6,0,21,6,3.5,0,0,1
1,2,0,20,15,10,0,0,0
2,4,0,16,14,4,0,0,2
2,3,1,15,11,7.5,0,0,0
1,2,0,12,12,6,0,0,1
1,2,0,12,6,6,0,0,0
1,2,0,11,9,5.5,0,0,0
1,1,0,10,10,10,0,0,0
1,2,0,9,9,4.5,0,0,1
2,3,1,7,6,3.5,0,0,1
3,5,0,7,6,1.4,0,0,2
1,2,0,6,6,3,0,0,1
2,3,0,6,2,2,0,0,0
6,11,2,354,87,39.33,0,3,1
4,7,0,317,94,45.28,0,3,0
8,15,3,288,87,24,0,1,1
4,8,0,246,73,30.75,0,2,0
7,12,1,219,64,19.9,0,1,0
6,11,0,186,36,16.9,0,0,0
6,11,0,178,66,16.18,0,1,1
5,10,0,141,46,14.1,0,0,3
3,6,1,140,51,28,0,1,0
4,7,0,135,64,19.28,0,1,0
8,12,0,134,28,11.16,0,0,2
7,14,0,97,24,6.92,0,0,2
5,10,0,96,32,9.6,0,0,2
8,13,2,85,23*,7.72,0,0,6
5,9,0,74,28,8.22,0,0,2
4,8,3,72,34*,14.4,0,0,1
1,2,1,67,44*,67,0,0,0
5,8,0,66,29,8.25,0,0,2
1,2,0,62,60,31,0,1,0
5,8,1,61,30,8.71,0,0,2
4,7,0,60,25,8.57,0,0,3
6,11,3,55,18,6.87,0,0,2
1,2,1,54,28,54,0,0,0
2,4,0,49,27,12.25,0,0,0
7,11,1,49,11,4.9,0,0,1
2,3,0,47,26,15.66,0,0,0
1,2,0,45,24,22.5,0,0,0
2,3,0,42,21,14,0,0,0
1,2,0,37,29,18.5,0,0,0
1,2,0,35,35,17.5,0,0,1
2,4,0,35,10,8.75,0,0,0
1,2,0,31,17,15.5,0,0,0
1,1,0,30,30,30,0,0,0
1,2,0,29,25,14.5,0,0,0
2,3,0,29,14,9.66,0,0,0
2,4,0,25,20,6.25,0,0,2
1,2,1,24,17*,24,0,0,0
1,2,1,24,17,24,0,0,0
2,4,1,24,8,8,0,0,0
1,2,0,21,20,10.5,0,0,0
2,3,1,20,16,10,0,0,0
2,4,1,20,16,6.66,0,0,2
1,2,0,18,13,9,0,0,0
1,2,0,17,17,8.5,0,0,1
1,2,0,17,11,8.5,0,0,0
1,2,0,17,11,8.5,0,0,0
2,4,0,17,11,4.25,0,0,1
1,2,0,16,14,8,0,0,0
2,4,1,16,9,5.33,0,0,0
1,2,0,15,9,7.5,0,0,0
7,12,2,328,120,32.8,1,1,1
5,8,0,325,89,40.62,0,4,1
7,10,1,247,70,27.44,0,2,1
7,10,0,206,67,20.6,0,1,2
5,7,1,188,48,31.33,0,0,1
3,4,0,171,92,42.75,0,2,0
2,4,0,147,51,36.75,0,1,0
3,6,0,140,109,23.33,1,0,1
4,6,0,137,63,22.83,0,1,1
2,4,1,136,90*,45.33,0,1,0
3,5,0,130,61,26,0,1,0
2,4,0,125,56,31.25,0,1,0
6,12,1,118,32,10.72,0,0,1
3,5,0,92,42,18.4,0,0,1
2,4,1,77,29*,25.66,0,0,0
3,4,1,66,24,22,0,0,0
5,10,1,66,23,7.33,0,0,3
4,8,0,65,19,8.12,0,0,3
4,7,2,58,24*,11.6,0,0,1
3,6,0,55,16,9.16,0,0,0
1,2,0,53,52,26.5,0,1,0
6,10,2,52,16*,6.5,0,0,3
1,2,1,50,29*,50,0,0,0
1,2,1,46,37*,46,0,0,0
5,8,2,43,14,7.16,0,0,1
1,1,0,39,39,39,0,0,0
2,3,0,30,15,10,0,0,0
7,11,3,30,5*,3.75,0,0,2
2,3,2,27,19*,27,0,0,0
2,4,1,24,15,8,0,0,0
1,2,1,23,13*,23,0,0,0
1,1,0,22,22,22,0,0,0
3,5,2,22,15,7.33,0,0,1
1,2,0,21,11,10.5,0,0,0
3,4,0,19,19,4.75,0,0,3
1,1,0,17,17,17,0,0,0
2,4,0,17,11,4.25,0,0,1
1,2,0,15,10,7.5,0,0,0
1,1,0,14,14,14,0,0,0
1,2,0,13,13,6.5,0,0,1
1,1,0,12,12,12,0,0,0
2,2,0,12,8,6,0,0,0
2,3,0,11,5,3.66,0,0,0
2,3,1,11,5,5.5,0,0,0
2,4,1,10,6,3.33,0,0,1
1,1,0,9,9,9,0,0,0
1,1,0,9,9,9,0,0,0
1,2,0,9,5,4.5,0,0,0
1,2,0,9,5,4.5,0,0,0
2,3,0,9,8,3,0,0,1
6,11,0,267,92,24.27,0,1,2
6,11,1,233,90*,23.3,0,2,1
5,10,1,178,56,19.77,0,1,0
5,9,1,168,45,21,0,0,0
2,4,1,164,99,54.66,0,1,0
2,4,0,151,80,37.75,0,1,0
4,6,0,134,51,22.33,0,1,0
5,10,2,115,25,14.37,0,0,1
4,7,0,81,51,11.57,0,1,2
2,4,0,75,42,18.75,0,0,0
2,4,0,74,31,18.5,0,0,0
3,5,0,63,20,12.6,0,0,0
4,6,0,58,17,9.66,0,0,0
4,7,2,57,18,11.4,0,0,1
2,4,0,55,41,13.75,0,0,1
4,7,0,53,19,7.57,0,0,0
2,4,0,47,24,11.75,0,0,0
3,6,1,47,21,9.4,0,0,1
2,4,2,42,14,21,0,0,0
6,10,1,41,20,4.55,0,0,3
3,5,0,32,16,6.4,0,0,1
5,9,0,27,8,3,0,0,3
1,2,1,26,22*,26,0,0,0
2,3,0,25,10,8.33,0,0,0
3,5,0,25,8,5,0,0,0
3,6,1,24,14,4.8,0,0,2
4,6,3,17,12*,5.66,0,0,1
2,3,2,15,8*,15,0,0,0
2,4,0,15,7,3.75,0,0,1
2,3,0,14,5,4.66,0,0,0
2,4,0,14,10,3.5,0,0,1
2,3,0,12,9,4,0,0,1
1,2,0,11,11,5.5,0,0,1
3,5,0,11,11,2.2,0,0,4
1,1,0,9,9,9,0,0,0
1,2,0,9,5,4.5,0,0,0
2,3,1,9,7*,4.5,0,0,0
2,3,1,9,5*,4.5,0,0,0
2,3,0,9,8,3,0,0,1
1,2,1,6,4,6,0,0,0
1,2,1,6,6,6,0,0,0
2,3,1,6,4*,3,0,0,0
2,4,0,4,4,1,0,0,3
1,1,0,3,3,3,0,0,0
1,1,0,3,3,3,0,0,0
1,2,0,3,3,1.5,0,0,1
1,1,0,2,2,2,0,0,0
1,1,0,1,1,1,0,0,0
2,3,0,1,1,0.33,0,0,2
8,15,3,552,135,46,1,2,1
7,12,2,389,99,38.9,0,3,2
6,10,0,264,96,26.4,0,2,1
4,7,1,203,102*,33.83,1,1,0
6,11,1,160,54*,16,0,1,3
4,8,0,133,33,16.62,0,0,0
6,10,0,124,64,12.4,0,1,1
4,8,0,119,70,14.87,0,1,0
4,8,0,108,32,13.5,0,0,0
3,6,0,106,49,17.66,0,0,1
4,8,1,102,80*,14.57,0,1,3
6,11,2,100,34,11.11,0,0,2
6,10,1,99,31,11,0,0,1
5,10,1,96,36,10.66,0,0,2
4,7,0,94,29,13.42,0,0,0
3,6,0,91,56,15.16,0,1,1
1,2,1,90,85*,90,0,1,0
3,6,0,86,27,14.33,0,0,0
4,6,0,80,32,13.33,0,0,1
8,14,0,79,19,5.64,0,0,4
3,6,0,77,38,12.83,0,0,2
4,8,0,67,29,8.37,0,0,2
3,6,0,60,22,10,0,0,2
1,2,1,50,40,50,0,0,0
1,2,0,47,33,23.5,0,0,0
1,2,0,47,37,23.5,0,0,0
1,2,1,46,34*,46,0,0,0
3,6,0,45,24,7.5,0,0,0
3,6,0,44,41,7.33,0,0,3
3,5,0,43,26,8.6,0,0,1
1,2,0,38,27,19,0,0,0
3,4,0,36,18,9,0,0,1
2,4,1,35,18*,11.66,0,0,1
3,4,1,34,17,11.33,0,0,0
5,10,4,33,17,5.5,0,0,3
6,11,2,31,9,3.44,0,0,3
1,2,1,30,20*,30,0,0,0
1,2,1,28,16*,28,0,0,0
1,2,0,28,15,14,0,0,0
2,4,0,27,8,6.75,0,0,0
1,2,0,26,26,13,0,0,1
2,4,0,25,21,6.25,0,0,0
2,4,0,25,11,6.25,0,0,1
2,4,0,25,10,6.25,0,0,1
3,6,1,25,12,5,0,0,0
2,4,0,24,22,6,0,0,2
1,2,0,21,20,10.5,0,0,0
2,4,0,21,21,5.25,0,0,3
5,9,0,21,8,2.33,0,0,4
1,1,0,227,227,227,1,0,0
4,7,2,127,46,25.4,0,0,0
1,2,0,89,48,44.5,0,0,0
1,2,0,71,50,35.5,0,1,0
1,2,1,68,47*,68,0,0,0
1,1,0,61,61,61,0,1,0
4,7,0,58,26,8.28,0,0,1
1,2,0,57,51,28.5,0,1,0
2,3,1,57,49,28.5,0,0,0
1,2,0,50,47,25,0,0,0
1,2,2,48,40*,-,0,0,0
3,5,1,45,27,11.25,0,0,1
2,3,1,44,27,22,0,0,0
2,4,0,44,17,11,0,0,1
1,2,0,37,33,18.5,0,0,0
2,4,0,37,32,9.25,0,0,1
2,4,0,37,18,9.25,0,0,0
2,4,0,36,13,9,0,0,0
3,4,0,35,16,8.75,0,0,0
1,2,0,34,20,17,0,0,0
1,2,0,33,28,16.5,0,0,0
2,3,0,33,21,11,0,0,0
2,4,0,33,16,8.25,0,0,0
1,2,0,32,21,16,0,0,0
1,1,0,27,27,27,0,0,0
1,1,0,27,27,27,0,0,0
1,2,1,27,26*,27,0,0,0
1,2,1,27,27*,27,0,0,1
1,2,0,27,26,13.5,0,0,0
2,4,0,27,16,6.75,0,0,0
2,4,0,27,20,6.75,0,0,1
1,2,1,26,13*,26,0,0,0
1,2,0,25,16,12.5,0,0,0
1,2,1,24,20*,24,0,0,0
4,6,0,24,8,4,0,0,1
1,2,0,23,23,11.5,0,0,1
1,2,0,23,16,11.5,0,0,0
2,4,0,21,14,5.25,0,0,0
1,2,0,19,19,9.5,0,0,1
1,2,0,19,19,9.5,0,0,1
1,2,0,19,14,9.5,0,0,0
2,4,0,19,11,4.75,0,0,2
2,4,0,19,14,4.75,0,0,2
1,2,0,18,13,9,0,0,0
2,4,0,18,9,4.5,0,0,2
1,2,0,17,11,8.5,0,0,0
1,2,0,17,10,8.5,0,0,0
1,2,0,17,17,8.5,0,0,1
2,3,2,17,8*,17,0,0,0
2,4,1,17,7,5.66,0,0,1
7,13,1,308,65*,25.66,0,2,2
7,13,1,299,100,24.91,1,0,2
5,10,1,246,96*,27.33,0,1,0
6,10,0,162,29,16.2,0,0,0
4,7,0,152,48,21.71,0,0,0
5,9,1,148,37,18.5,0,0,0
4,8,1,146,94,20.85,0,1,2
5,9,1,143,60,17.87,0,1,1
7,13,3,125,28,12.5,0,0,3
2,4,0,121,51,30.25,0,1,0
5,8,0,120,47,15,0,0,1
6,11,1,119,37*,11.9,0,0,2
4,7,1,118,38*,19.66,0,0,1
5,10,0,117,31,11.7,0,0,1
4,8,0,102,25,12.75,0,0,0
4,7,1,101,39*,16.83,0,0,0
2,4,1,96,69*,32,0,1,0
3,6,1,88,48*,17.6,0,0,1
3,6,0,81,32,13.5,0,0,0
3,5,0,80,43,16,0,0,1
7,14,0,78,22,5.57,0,0,5
4,8,1,74,31,10.57,0,0,1
1,1,0,71,71,71,0,1,0
2,4,0,70,26,17.5,0,0,1
2,4,1,64,33*,21.33,0,0,0
3,4,1,60,31*,20,0,0,0
3,6,0,60,15,10,0,0,0
4,8,0,60,31,7.5,0,0,1
2,4,0,48,24,12,0,0,0
1,1,0,42,42,42,0,0,0
5,8,1,42,14,6,0,0,1
3,5,1,34,22,8.5,0,0,2
1,2,0,32,18,16,0,0,0
2,3,0,31,17,10.33,0,0,0
2,4,0,31,23,7.75,0,0,0
2,4,0,29,12,7.25,0,0,0
2,4,1,29,19*,9.66,0,0,1
2,4,0,28,17,7,0,0,1
2,4,1,28,13,9.33,0,0,1
3,5,0,28,11,5.6,0,0,1
1,2,1,27,23*,27,0,0,0
3,6,0,27,16,4.5,0,0,2
1,1,0,26,26,26,0,0,0
2,2,0,26,21,13,0,0,0
5,9,3,26,11,4.33,0,0,1
2,4,0,25,14,6.25,0,0,0
2,3,0,24,20,8,0,0,1
2,3,0,23,10,7.66,0,0,0
2,4,1,23,12,7.66,0,0,1
5,8,2,23,10,3.83,0,0,2
10,19,3,316,71,19.75,0,1,2
5,10,0,289,125,28.9,1,0,0
8,15,1,287,59,20.5,0,1,2
8,16,1,233,44,15.53,0,0,3
4,8,1,208,56,29.71,0,1,1
7,14,1,191,51,14.69,0,1,2
6,12,2,171,39,17.1,0,0,1
6,11,2,161,41,17.88,0,0,1
3,4,0,133,57,33.25,0,1,0
5,10,1,112,38*,12.44,0,0,1
4,8,0,110,35,13.75,0,0,2
4,7,0,103,73,14.71,0,1,0
5,9,1,102,32,12.75,0,0,0
8,16,0,90,21,5.62,0,0,5
7,13,0,83,24,6.38,0,0,2
5,8,0,78,28,9.75,0,0,1
4,8,1,69,20,9.85,0,0,1
3,6,0,67,31,11.16,0,0,0
3,6,1,67,44*,13.4,0,0,1
5,10,1,67,23,7.44,0,0,2
3,6,0,62,27,10.33,0,0,2
4,7,0,61,25,8.71,0,0,1
1,2,0,59,35,29.5,0,0,0
4,7,0,54,24,7.71,0,0,1
2,4,1,51,21,17,0,0,0
2,4,1,50,33*,16.66,0,0,1
3,5,0,50,20,10,0,0,0
1,1,0,47,47,47,0,0,0
1,2,1,46,29*,46,0,0,0
4,7,3,45,29*,11.25,0,0,2
1,2,1,44,24*,44,0,0,0
4,7,0,38,29,5.42,0,0,2
6,9,0,38,11,4.22,0,0,1
2,4,0,37,27,9.25,0,0,1
1,2,0,33,32,16.5,0,0,0
4,8,0,33,11,4.12,0,0,1
3,6,1,32,10,6.4,0,0,1
2,4,0,31,23,7.75,0,0,1
2,4,0,31,13,7.75,0,0,0
2,4,0,31,13,7.75,0,0,0
3,6,1,31,22,6.2,0,0,1
1,2,0,29,20,14.5,0,0,0
2,3,1,29,15,14.5,0,0,1
3,5,0,28,12,5.6,0,0,2
1,2,0,24,23,12,0,0,0
1,2,0,24,24,12,0,0,1
1,2,0,24,14,12,0,0,0
2,4,0,24,14,6,0,0,1
7,14,0,265,52,18.92,0,1,1
7,14,1,265,87,20.38,0,1,1
5,9,1,165,41,20.62,0,0,0
6,12,2,131,32*,13.1,0,0,2
5,10,0,123,42,12.3,0,0,0
6,12,1,108,30,9.81,0,0,4
5,10,0,105,60,10.5,0,1,2
3,6,1,103,72*,20.6,0,1,1
7,14,3,100,22*,9.09,0,0,3
2,4,0,96,75,24,0,1,1
3,6,0,95,43,15.83,0,0,0
2,4,0,81,50,20.25,0,1,1
3,6,0,77,36,12.83,0,0,1
5,10,0,73,17,7.3,0,0,1
3,6,0,72,27,12,0,0,0
1,2,0,71,65,35.5,0,1,0
1,2,1,64,60,64,0,1,0
2,4,0,56,24,14,0,0,0
1,2,1,55,37,55,0,0,0
1,2,0,54,29,27,0,0,0
1,2,0,53,51,26.5,0,1,0
2,4,0,53,41,13.25,0,0,1
3,6,1,53,31,10.6,0,0,2
2,4,0,51,25,12.75,0,0,0
2,4,0,51,24,12.75,0,0,0
2,4,0,49,42,12.25,0,0,2
3,6,0,48,20,8,0,0,2
1,2,0,45,26,22.5,0,0,0
1,2,1,44,23*,44,0,0,0
1,2,0,44,30,22,0,0,0
2,4,0,43,18,10.75,0,0,1
4,8,0,43,18,5.37,0,0,3
2,4,0,40,13,10,0,0,0
4,8,0,38,33,4.75,0,0,4
1,2,0,37,25,18.5,0,0,0
2,4,0,35,21,8.75,0,0,0
4,8,0,35,15,4.37,0,0,3
1,2,0,34,18,17,0,0,0
2,4,0,34,24,8.5,0,0,2
1,2,0,32,27,16,0,0,0
3,5,1,30,11,7.5,0,0,1
1,2,0,29,16,14.5,0,0,0
2,4,0,29,19,7.25,0,0,1
1,2,0,28,22,14,0,0,0
2,4,0,28,24,7,0,0,1
2,4,0,27,12,6.75,0,0,0
1,2,0,26,19,13,0,0,0
1,2,0,23,18,11.5,0,0,0
2,4,0,23,23,5.75,0,0,3
6,10,2,235,70*,29.37,0,1,0
6,10,1,166,59,18.44,0,2,2
6,10,1,156,29,17.33,0,0,0
4,7,0,134,60,19.14,0,1,0
5,8,0,124,50,15.5,0,1,0
6,10,0,123,54,12.3,0,1,3
2,4,0,99,67,24.75,0,1,0
4,7,2,96,62,19.2,0,1,1
6,10,0,96,36,9.6,0,0,3
4,7,1,95,24,15.83,0,0,1
3,5,0,94,52,18.8,0,1,0
4,7,0,81,48,11.57,0,0,0
3,4,0,74,30,18.5,0,0,1
3,5,0,74,41,14.8,0,0,0
2,4,0,71,37,17.75,0,0,1
1,2,0,70,59,35,0,1,0
1,2,0,68,51,34,0,1,0
2,3,0,68,35,22.66,0,0,0
2,4,0,67,39,16.75,0,0,0
1,2,0,59,37,29.5,0,0,0
6,9,0,58,21,6.44,0,0,2
1,2,0,53,45,26.5,0,0,0
4,6,1,51,32,10.2,0,0,1
2,4,1,44,25,14.66,0,0,0
4,6,0,43,19,7.16,0,0,1
2,4,0,42,24,10.5,0,0,0
4,8,0,42,22,5.25,0,0,3
2,3,1,41,25*,20.5,0,0,0
1,2,0,40,34,20,0,0,0
2,4,1,38,18,12.66,0,0,0
1,2,0,37,29,18.5,0,0,0
5,9,1,31,17*,3.87,0,0,3
2,3,0,30,13,10,0,0,0
3,4,1,30,20,10,0,0,1
2,4,0,28,19,7,0,0,0
1,2,1,26,14*,26,0,0,0
1,2,0,26,19,13,0,0,0
1,1,0,25,25,25,0,0,0
2,3,0,25,20,8.33,0,0,0
1,2,0,24,22,12,0,0,0
2,3,0,23,18,7.66,0,0,1
3,6,0,23,8,3.83,0,0,1
1,1,0,22,22,22,0,0,0
2,3,0,22,17,7.33,0,0,1
3,5,2,22,11,7.33,0,0,0
4,8,0,22,13,2.75,0,0,4
1,2,0,21,15,10.5,0,0,0
1,2,0,21,17,10.5,0,0,0
1,2,0,21,11,10.5,0,0,0
4,6,0,21,11,3.5,0,0,3
6,9,0,144,35,16,0,0,1
6,11,1,108,29,10.8,0,0,1
5,8,1,90,22*,12.85,0,0,2
6,10,0,87,33,8.7,0,0,2
6,11,0,85,18,7.72,0,0,2
3,4,1,81,59*,27,0,1,1
3,5,0,75,40,15,0,0,1
5,9,0,71,21,7.88,0,0,3
2,4,0,63,42,15.75,0,0,1
2,3,1,62,37,31,0,0,0
2,4,0,56,32,14,0,0,1
3,4,0,53,28,13.25,0,0,0
1,2,0,52,49,26,0,0,0
1,2,0,51,37,25.5,0,0,0
4,7,1,50,16,8.33,0,0,0
1,2,0,49,39,24.5,0,0,0
2,2,0,45,44,22.5,0,0,0
3,5,0,43,24,8.6,0,0,1
2,2,0,42,27,21,0,0,0
6,11,2,42,9*,4.66,0,0,5
2,4,1,41,29,13.66,0,0,0
3,5,0,38,12,7.6,0,0,1
2,4,1,36,30*,12,0,0,1
1,2,0,35,18,17.5,0,0,0
1,2,0,35,29,17.5,0,0,0
4,6,1,32,20,6.4,0,0,1
2,2,0,27,19,13.5,0,0,0
1,2,0,25,22,12.5,0,0,0
2,2,0,25,20,12.5,0,0,0
1,2,1,25,22*,25,0,0,0
2,4,0,25,23,6.25,0,0,2
1,1,0,24,24,24,0,0,0
1,2,1,22,18*,22,0,0,0
2,4,0,22,12,5.5,0,0,1
1,2,0,20,17,10,0,0,0
1,1,0,19,19,19,0,0,0
1,2,1,18,15*,18,0,0,0
1,2,0,18,9,9,0,0,0
1,2,0,18,10,9,0,0,0
1,2,0,17,14,8.5,0,0,0
1,2,0,17,16,8.5,0,0,0
1,2,0,17,9,8.5,0,0,0
1,1,0,15,15,15,0,0,0
2,3,0,13,7,4.33,0,0,0
1,2,0,12,9,6,0,0,0
1,2,0,12,11,6,0,0,0
1,1,0,11,11,11,0,0,0
2,2,0,11,10,5.5,0,0,0
1,2,0,11,9,5.5,0,0,0
1,2,0,11,8,5.5,0,0,0
7,12,3,287,50,31.88,0,1,0
8,15,2,283,54*,21.76,0,2,0
7,12,0,215,64,17.91,0,2,2
12,23,2,181,27,8.61,0,0,3
6,10,1,179,49,19.88,0,0,1
5,10,1,134,36,14.88,0,0,1
5,8,1,117,45*,16.71,0,0,1
7,13,1,115,20,9.58,0,0,2
4,7,0,105,57,15,0,1,2
7,13,1,100,21,8.33,0,0,3
7,13,1,93,23,7.75,0,0,3
9,15,0,86,18,5.73,0,0,3
2,4,0,79,31,19.75,0,0,0
5,9,1,73,19,9.12,0,0,2
2,4,0,70,52,17.5,0,1,0
3,6,0,64,31,10.66,0,0,0
5,10,1,59,18,6.55,0,0,3
2,4,2,56,39,28,0,0,0
2,4,1,56,49*,18.66,0,0,1
2,3,0,55,24,18.33,0,0,0
1,2,0,54,48,27,0,0,0
1,2,0,53,35,26.5,0,0,0
1,2,0,51,42,25.5,0,0,0
4,8,0,50,18,6.25,0,0,1
3,5,2,47,26,15.66,0,0,0
5,7,0,47,18,6.71,0,0,0
4,8,0,47,22,5.87,0,0,1
3,5,0,45,19,9,0,0,1
2,4,0,44,32,11,0,0,1
1,2,0,42,34,21,0,0,0
2,4,0,41,17,10.25,0,0,0
2,3,0,36,18,12,0,0,0
2,4,1,36,16*,12,0,0,0
2,4,0,35,12,8.75,0,0,0
2,4,0,34,20,8.5,0,0,0
2,3,0,33,17,11,0,0,1
2,4,1,29,20*,9.66,0,0,1
2,4,1,29,17,9.66,0,0,0
3,5,0,29,14,5.8,0,0,1
2,4,0,28,24,7,0,0,1
2,4,0,27,21,6.75,0,0,0
2,4,0,27,14,6.75,0,0,1
5,9,0,27,11,3,0,0,3
6,11,1,27,13,2.7,0,0,4
3,4,1,26,13,8.66,0,0,1
1,2,0,25,25,12.5,0,0,1
1,2,0,25,23,12.5,0,0,0
3,5,0,25,15,5,0,0,1
6,7,1,25,19,4.16,0,0,4
6,11,0,181,53,16.45,0,1,2
8,15,0,146,34,9.73,0,0,2
3,6,1,121,58,24.2,0,1,1
6,12,0,114,22,9.5,0,0,2
4,7,0,89,47,12.71,0,0,1
5,8,2,81,23*,13.5,0,0,0
2,4,0,80,35,20,0,0,0
6,9,1,79,31,9.87,0,0,1
6,11,3,75,18,9.37,0,0,2
3,6,0,73,32,12.16,0,0,0
5,10,1,72,20,8,0,0,2
3,5,0,67,28,13.4,0,0,0
2,4,0,66,48,16.5,0,0,0
2,4,0,64,44,16,0,0,0
2,4,0,64,31,16,0,0,0
6,11,0,63,29,5.72,0,0,4
3,5,1,60,41,15,0,0,1
1,2,1,54,40,54,0,0,0
1,2,0,51,32,25.5,0,0,0
3,6,1,51,31,10.2,0,0,2
6,11,1,50,18,5,0,0,0
2,4,1,48,35*,16,0,0,0
5,10,0,48,16,4.8,0,0,3
3,6,0,44,16,7.33,0,0,0
2,4,0,41,21,10.25,0,0,2
2,4,1,37,21*,12.33,0,0,0
4,8,2,36,10,6,0,0,1
5,9,2,35,10,5,0,0,2
1,2,1,33,28,33,0,0,0
1,2,0,32,22,16,0,0,0
2,4,0,32,17,8,0,0,0
3,6,0,32,14,5.33,0,0,2
1,2,0,31,20,15.5,0,0,0
1,2,0,31,29,15.5,0,0,0
4,8,0,31,15,3.87,0,0,4
2,4,0,29,16,7.25,0,0,1
3,4,0,29,18,7.25,0,0,2
2,3,0,28,24,9.33,0,0,1
1,2,0,27,14,13.5,0,0,0
2,4,0,24,11,6,0,0,0
3,5,1,24,9,6,0,0,0
3,6,1,23,10,4.6,0,0,1
3,6,1,22,11*,4.4,0,0,1
3,6,0,22,9,3.66,0,0,3
4,7,1,22,9*,3.66,0,0,1
1,2,0,21,21,10.5,0,0,1
2,4,0,21,18,5.25,0,0,2
1,2,0,19,12,9.5,0,0,0
1,2,0,19,11,9.5,0,0,0
1,2,0,19,19,9.5,0,0,1
7,12,3,551,153*,61.22,2,3,0
7,13,1,156,34,13,0,0,1
6,12,2,137,32,13.7,0,0,1
5,10,0,107,18,10.7,0,0,1
5,8,1,106,37,15.14,0,0,1
3,4,0,102,65,25.5,0,1,1
6,10,1,100,32,11.11,0,0,0
4,7,1,99,42,16.5,0,0,0
3,6,0,89,36,14.83,0,0,0
4,7,0,82,41,11.71,0,0,2
3,6,0,76,46,12.66,0,0,1
4,6,0,74,31,12.33,0,0,1
4,5,1,73,30,18.25,0,0,0
2,4,0,72,26,18,0,0,0
4,7,1,72,19,12,0,0,0
5,7,2,71,19*,14.2,0,0,0
3,4,0,67,59,16.75,0,1,1
4,8,1,65,14*,9.28,0,0,0
3,6,2,63,40,15.75,0,0,1
3,6,0,58,24,9.66,0,0,1
5,9,1,57,22*,7.12,0,0,2
3,4,0,56,38,14,0,0,0
3,4,0,56,47,14,0,0,2
2,4,0,55,24,13.75,0,0,1
1,2,0,52,37,26,0,0,0
2,4,0,49,20,12.25,0,0,0
2,4,1,48,32,16,0,0,1
3,4,1,46,25,15.33,0,0,0
3,5,0,45,15,9,0,0,0
3,6,2,45,27,11.25,0,0,1
2,4,1,43,22,14.33,0,0,1
2,4,0,42,27,10.5,0,0,1
3,4,1,42,19,14,0,0,1
3,5,0,41,17,8.2,0,0,0
3,5,1,41,17,10.25,0,0,1
3,6,0,41,29,6.83,0,0,2
3,6,2,41,26*,10.25,0,0,2
3,6,0,41,19,6.83,0,0,1
2,4,0,37,21,9.25,0,0,1
2,4,0,37,30,9.25,0,0,1
3,4,0,36,30,9,0,0,2
5,8,0,34,15,4.25,0,0,1
3,5,0,33,16,6.6,0,0,0
4,7,0,32,17,4.57,0,0,1
2,4,0,31,18,7.75,0,0,2
3,6,1,31,17,6.2,0,0,1
5,7,1,29,17,4.83,0,0,4
8,11,1,156,31*,15.6,0,0,1
6,10,0,155,39,15.5,0,0,0
6,12,1,145,48,13.18,0,0,3
4,7,1,126,68,21,0,1,2
2,4,1,124,86*,41.33,0,1,0
5,9,1,123,43*,15.37,0,0,2
2,3,0,121,105,40.33,1,0,0
6,10,0,118,35,11.8,0,0,1
7,12,3,118,36*,13.11,0,0,0
7,10,0,115,37,11.5,0,0,2
6,11,1,113,39,11.3,0,0,2
3,4,0,106,59,26.5,0,1,2
6,11,0,106,23,9.63,0,0,1
6,12,0,103,37,8.58,0,0,4
3,5,1,93,53,23.25,0,1,0
4,7,0,91,40,13,0,0,1
3,5,0,90,54,18,0,1,0
3,6,0,86,26,14.33,0,0,0
9,14,1,85,15,6.53,0,0,1
4,8,1,70,21,10,0,0,2
2,3,1,69,40*,34.5,0,0,0
3,4,0,66,34,16.5,0,0,1
2,4,0,64,21,16,0,0,0
2,3,0,62,43,20.66,0,0,0
5,9,1,61,18,7.62,0,0,1
5,9,0,58,16,6.44,0,0,3
5,6,1,57,35*,11.4,0,0,0
6,10,2,57,34,7.12,0,0,5
5,10,0,56,11,5.6,0,0,1
2,3,2,55,32*,55,0,0,0
1,1,0,53,53,53,0,1,0
3,5,1,53,34,13.25,0,0,2
2,4,0,52,19,13,0,0,0
2,4,0,48,33,12,0,0,1
1,2,0,47,46,23.5,0,0,0
2,3,0,47,24,15.66,0,0,0
4,5,0,45,19,9,0,0,1
2,3,0,44,35,14.66,0,0,0
2,3,0,36,35,12,0,0,1
2,4,0,35,14,8.75,0,0,0
2,4,0,32,18,8,0,0,0
3,6,0,32,14,5.33,0,0,0
1,1,0,31,31,31,0,0,0
1,1,0,30,30,30,0,0,0
3,5,1,29,15,7.25,0,0,2
3,6,1,29,19,5.8,0,0,1
1,1,0,28,28,28,0,0,0
1,2,0,28,28,14,0,0,1
3,4,0,28,11,7,0,0,0
3,6,1,28,13,5.6,0,0,1
8,16,4,407,125*,33.91,1,1,4
11,21,1,284,44,14.2,0,0,4
9,18,0,244,64,13.55,0,1,3
7,13,2,151,30*,13.72,0,0,1
5,9,0,139,36,15.44,0,0,0
7,14,0,129,47,9.21,0,0,0
7,14,3,127,26*,11.54,0,0,3
7,14,1,125,49,9.61,0,0,1
4,7,1,118,50*,19.66,0,1,0
4,7,1,109,28,18.16,0,0,0
7,13,0,106,31,8.15,0,0,3
3,5,0,100,44,20,0,0,1
8,15,3,96,26*,8,0,0,4
7,14,1,94,21,7.23,0,0,2
4,8,2,93,25*,15.5,0,0,0
4,6,1,88,48,17.6,0,0,0
4,7,0,86,31,12.28,0,0,0
5,9,2,86,34,12.28,0,0,1
3,6,0,85,36,14.16,0,0,1
5,10,3,85,21,12.14,0,0,1
6,11,1,81,32*,8.1,0,0,4
7,13,2,81,22*,7.36,0,0,3
3,6,0,80,26,13.33,0,0,0
5,9,1,69,19,8.62,0,0,1
5,10,2,68,22,8.5,0,0,2
3,6,0,65,41,10.83,0,0,1
3,6,0,58,27,9.66,0,0,1
3,6,1,58,27,11.6,0,0,1
2,4,1,57,37*,19,0,0,0
3,5,2,53,32*,17.66,0,0,0
3,6,2,52,22,13,0,0,0
4,7,0,52,29,7.42,0,0,2
4,8,0,52,14,6.5,0,0,1
4,7,0,51,26,7.28,0,0,3
6,9,2,51,24*,7.28,0,0,4
2,4,1,46,28,15.33,0,0,1
4,7,0,46,18,6.57,0,0,1
2,4,0,45,21,11.25,0,0,1
5,9,1,45,14,5.62,0,0,4
2,4,0,42,19,10.5,0,0,1
3,6,0,42,14,7,0,0,2
4,8,0,42,12,5.25,0,0,1
5,9,2,41,20*,5.85,0,0,0
4,8,1,39,14,5.57,0,0,2
5,9,0,38,17,4.22,0,0,0
1,1,1,37,37*,-,0,0,0
2,4,0,37,33,9.25,0,0,1
1,2,0,36,21,18,0,0,0
1,2,1,33,27*,33,0,0,0
1,2,2,33,26*,-,0,0,0
10,15,1,372,84,26.57,0,2,2
11,19,3,227,60,14.18,0,1,3
5,9,1,189,74,23.62,0,1,0
11,20,4,188,56*,11.75,0,1,4
11,19,2,171,50*,10.05,0,1,6
8,16,3,168,77,12.92,0,1,5
10,18,1,156,36*,9.17,0,0,2
6,10,3,139,49,19.85,0,0,1
7,14,1,135,23*,10.38,0,0,3
5,9,0,129,39,14.33,0,0,0
11,22,3,128,25,6.73,0,0,3
8,15,2,124,34,9.53,0,0,4
6,11,1,116,31*,11.6,0,0,2
4,8,1,114,28,16.28,0,0,0
10,17,1,111,31,6.93,0,0,5
7,14,4,98,19*,9.8,0,0,1
9,15,1,86,29*,6.14,0,0,5
4,8,1,80,27,11.42,0,0,2
4,8,0,78,16,9.75,0,0,0
7,12,0,78,24,6.5,0,0,2
6,11,0,71,31,6.45,0,0,2
5,10,0,69,33,6.9,0,0,1
4,7,0,67,26,9.57,0,0,0
2,4,0,65,44,16.25,0,0,1
2,4,1,64,35,21.33,0,0,0
3,6,0,64,35,10.66,0,0,0
4,8,0,61,30,7.62,0,0,0
6,12,1,61,18*,5.54,0,0,3
5,10,0,60,31,6,0,0,2
1,2,0,58,37,29,0,0,0
3,5,0,54,26,10.8,0,0,2
6,10,3,53,19,7.57,0,0,1
2,4,1,52,36*,17.33,0,0,0
1,2,0,46,28,23,0,0,0
4,7,1,46,23,7.66,0,0,4
4,8,1,46,13,6.57,0,0,2
10,16,2,43,10,3.07,0,0,5
3,5,1,42,21*,10.5,0,0,2
5,6,1,42,11,8.4,0,0,1
1,2,1,40,36*,40,0,0,0
3,5,0,39,29,7.8,0,0,1
3,6,1,39,32,7.8,0,0,1
4,8,1,39,24,5.57,0,0,4
5,8,0,39,17,4.87,0,0,3
4,8,1,37,14,5.28,0,0,2
1,2,0,36,34,18,0,0,0
2,3,1,33,23*,16.5,0,0,0
1,2,0,32,29,16,0,0,0
5,10,0,32,9,3.2,0,0,4
2,4,1,31,17,10.33,0,0,1
12,21,1,339,73,16.95,0,2,1
7,11,0,275,64,25,0,2,1
9,14,0,210,40,15,0,0,0
6,11,1,157,74,15.7,0,1,1
9,15,1,157,34,11.21,0,0,0
8,16,4,153,28*,12.75,0,0,2
4,8,2,132,82*,22,0,1,1
6,8,0,127,63,15.87,0,1,1
5,10,1,119,44,13.22,0,0,3
7,13,2,115,37,10.45,0,0,3
8,12,0,99,27,8.25,0,0,0
3,5,2,81,37*,27,0,0,0
2,4,0,80,53,20,0,1,0
8,16,3,80,30*,6.15,0,0,3
4,6,1,77,24,15.4,0,0,2
2,4,0,72,48,18,0,0,2
4,7,0,71,40,10.14,0,0,2
4,8,0,71,25,8.87,0,0,0
4,7,1,69,17,11.5,0,0,0
8,13,1,68,23*,5.66,0,0,3
1,2,0,65,34,32.5,0,0,0
6,12,3,65,14,7.22,0,0,3
5,10,1,59,23,6.55,0,0,0
3,6,0,57,24,9.5,0,0,1
3,6,0,55,23,9.16,0,0,2
3,6,1,54,36*,10.8,0,0,1
5,7,1,53,31,8.83,0,0,1
5,10,0,51,15,5.1,0,0,2
3,5,0,49,27,9.8,0,0,0
6,12,4,49,17,6.12,0,0,2
4,6,0,47,13,7.83,0,0,0
1,2,0,46,32,23,0,0,0
2,3,0,42,41,14,0,0,1
2,4,0,41,23,10.25,0,0,0
3,6,0,41,20,6.83,0,0,2
2,4,0,40,29,10,0,0,1
3,6,0,40,14,6.66,0,0,1
3,6,1,40,15,8,0,0,2
4,6,0,39,13,6.5,0,0,1
6,11,3,38,19,4.75,0,0,2
4,7,1,35,15,5.83,0,0,1
2,4,1,34,20,11.33,0,0,1
1,2,0,33,18,16.5,0,0,0
3,3,0,32,19,10.66,0,0,0
4,8,1,32,7,4.57,0,0,0
1,2,1,31,25*,31,0,0,0
1,2,0,31,26,15.5,0,0,0
2,4,0,30,17,7.5,0,0,1
2,4,0,26,11,6.5,0,0,1
3,5,1,25,18,6.25,0,0,1
12,20,2,332,58,18.44,0,1,1
16,29,2,289,65,10.7,0,1,6
8,13,2,258,41,23.45,0,0,2
13,21,2,201,37,10.57,0,0,3
6,10,0,167,46,16.7,0,0,1
10,15,0,167,37,11.13,0,0,2
5,8,0,147,65,18.37,0,1,1
9,18,1,145,38,8.52,0,0,2
7,14,0,134,45,9.57,0,0,7
6,12,2,133,46,13.3,0,0,4
7,14,0,127,20,9.07,0,0,1
9,18,0,114,33,6.33,0,0,5
10,19,3,107,42*,6.68,0,0,5
6,10,0,97,25,9.7,0,0,3
4,8,1,94,34*,13.42,0,0,1
3,6,0,90,28,15,0,0,1
8,14,1,88,30,6.76,0,0,4
5,10,2,87,33,10.87,0,0,2
6,10,0,86,51,8.6,0,1,0
1,2,0,85,65,42.5,0,1,0
8,12,2,81,32,8.1,0,0,2
3,5,1,79,27*,19.75,0,0,0
4,6,0,79,28,13.16,0,0,2
4,7,1,79,36,13.16,0,0,1
6,11,4,79,20*,11.28,0,0,1
4,7,0,78,41,11.14,0,0,0
5,10,1,77,25*,8.55,0,0,1
4,8,1,74,21,10.57,0,0,0
4,7,1,71,18*,11.83,0,0,0
5,10,0,69,21,6.9,0,0,1
4,8,1,63,15,9,0,0,1
3,5,0,58,43,11.6,0,0,0
4,8,1,57,28*,8.14,0,0,1
6,10,0,55,11,5.5,0,0,2
5,7,3,52,18,13,0,0,0
5,9,0,51,10,5.66,0,0,0
1,2,0,50,40,25,0,0,0
4,7,0,50,17,7.14,0,0,2
5,7,1,50,42,8.33,0,0,3
4,8,0,50,22,6.25,0,0,3
2,3,0,47,25,15.66,0,0,1
6,9,0,47,15,5.22,0,0,3
2,3,1,46,20,23,0,0,0
4,8,0,46,19,5.75,0,0,1
4,8,1,46,20,6.57,0,0,2
2,4,0,45,21,11.25,0,0,1
4,8,0,45,22,5.62,0,0,1
2,4,1,44,18,14.66,0,0,0
1,1,0,43,43,43,0,0,0
3,6,1,41,23,8.2,0,0,1
